"","y","x","status"
"1284",7.18167642790254,1.77426996583448,"II"
"565",2.03827867166171,-0.513219132168704,"UAB"
"1409",4.58428393287793,0.237718930429468,"II"
"641",4.94499008815865,1.39736367757821,"UAB"
"274",6.49863858627285,2.45998204153329,"UAB"
"1849",6.14252557027987,1.06363469672743,"II"
"242",-1.82410348794109,-2.28824180505477,"UAB"
"430",3.87317374963516,1.17446682243559,"UAB"
"1690",4.8793601646949,0.0628491856681046,"II"
"892",3.11226473542237,-0.140462108403358,"UAB"
"1492",11.8054483398279,4.48712959246036,"II"
"629",2.66151123962312,0.346667861115358,"UAB"
"1382",6.06787514258939,0.853879147643247,"II"
"1045",6.31935990213241,1.69809013416962,"II"
"1359",3.87460016599135,-0.0300668757359182,"II"
"1871",3.45941850206577,-0.475500484898655,"II"
"394",1.25832689431731,0.0875098965725629,"UAB"
"1928",4.16699795565347,-0.398808656549411,"II"
"829",8.3281039621699,3.53014691872591,"UAB"
"1182",-6.11313905502955,-5.98938725551346,"II"
"239",-2.35498893853843,-2.68470948069335,"UAB"
"69",-6.88026385522351,-5.11369907293436,"UAB"
"1828",4.84895105297809,-0.0156889389513046,"II"
"791",2.50806856023837,0.438083013381754,"UAB"
"822",5.9474649033649,2.21180407255839,"UAB"
"246",-0.283273173960726,-1.12460540418955,"UAB"
"494",10.6204468341982,5.34712784032588,"UAB"
"542",3.22503136925877,0.548350811349644,"UAB"
"1777",3.81376448689662,0.0362498578740431,"II"
"490",5.24163762867189,1.6779910468582,"UAB"
"1370",1.6369054440531,-1.48592898505243,"II"
"963",3.13544900296702,0.455744951419916,"UAB"
"589",6.08415667824402,1.97307038905484,"UAB"
"1255",4.11300653752317,-0.0320529495577,"II"
"1232",9.87030493692641,3.59124112807578,"II"
"268",3.16313316785728,0.252252579782532,"UAB"
"768",3.98889465551184,0.716163527903068,"UAB"
"1052",4.78760914445883,-0.526049343425025,"II"
"312",13.7403702505108,5.71476111341535,"UAB"
"345",2.87679802525204,-0.402158851081841,"UAB"
"956",0.254947389183022,-1.55463636260151,"UAB"
"1710",5.74893773617125,1.33711940378168,"II"
"1403",-1.49843687418781,-2.70714790249597,"II"
"1266",12.3698853493894,4.2149849236635,"II"
"1343",12.6343556995174,4.60527226431402,"II"
"1095",6.89513264504674,1.68833488467909,"II"
"931",-1.65763279933988,-2.13482677208181,"UAB"
"326",6.39253904062945,1.36196950086606,"UAB"
"1260",3.0028043410586,-0.682049958989954,"II"
"1668",5.45502969824401,0.470877299616894,"II"
"338",12.730514530007,5.86590725263496,"UAB"
"336",-1.61127232364051,-2.08831704221776,"UAB"
"474",-4.12191433696416,-3.5066207243302,"UAB"
"1632",-0.874245778843085,-2.44502331898574,"II"
"749",7.37321104064988,3.3539562716667,"UAB"
"406",5.12530828922361,1.55934864355853,"UAB"
"1866",14.1759007342815,5.22960030843433,"II"
"915",-1.08065481643532,-1.22379838664131,"UAB"
"1148",6.7599161939337,1.95748386968453,"II"
"1991",1.27080243839218,-1.13838711515049,"II"
"888",11.6680719894262,4.21314239580057,"UAB"
"599",4.88204262428025,0.953236920195306,"UAB"
"43",-0.49872545996911,-2.33671988620576,"UAB"
"1405",3.52233000333553,0.0247086718127913,"II"
"1253",5.35666727614524,0.323761655006105,"II"
"1543",4.13139210721879,-0.171673574056,"II"
"1961",3.38865342906562,-0.465852785578764,"II"
"1623",1.90500466112943,-0.825643178820687,"II"
"1233",4.5849288801707,0.233968304767307,"II"
"1329",14.6365923857701,5.91605818981522,"II"
"1774",7.43372796609067,1.90727579711905,"II"
"1368",6.34730574423877,0.972155977142041,"II"
"1651",3.0763703089845,-0.150567138311752,"II"
"1749",8.07365164497596,2.14853698588253,"II"
"553",1.81882603569783,-0.22464289988815,"UAB"
"1249",5.67127187623054,0.798885430407574,"II"
"1733",2.40294006888169,-0.991868106069216,"II"
"1598",6.50899811473566,1.5498562574248,"II"
"1445",5.90967579515769,1.46793052350967,"II"
"356",7.31811221815902,2.41343376603668,"UAB"
"644",-2.15334037223271,-2.56834945004372,"UAB"
"1846",1.41512719529886,-1.10160310412008,"II"
"716",4.29907791065115,0.46905268103794,"UAB"
"741",-9.00223858330589,-6.43815804796367,"UAB"
"706",0.317620606796686,-1.14159949263637,"UAB"
"733",-3.11404807658039,-3.33554214890393,"UAB"
"672",4.90782797661568,0.911597319726571,"UAB"
"436",14.0243089037446,6.6957173551896,"UAB"
"1040",1.423665228837,-1.13383249587482,"II"
"4",5.51446876978269,1.8965495047146,"UAB"
"737",6.30320151612371,1.6836691663934,"UAB"
"333",9.33039331441585,3.65571705952092,"UAB"
"563",-11.4378945145186,-7.73152668761698,"UAB"
"1261",1.19380334142052,-1.69891463257039,"II"
"1976",0.655868605906752,-1.23237333764918,"II"
"21",-9.29586876295021,-6.68486353189977,"UAB"
"1967",9.11929426647527,3.01714056275902,"II"
"1437",16.789177571791,7.75104230670578,"II"
"951",-2.21690932423064,-2.54138246683225,"UAB"
"97",-0.990810345472085,-1.85356753882926,"UAB"
"1648",4.47766484074327,0.675320188116878,"II"
"889",2.53213701018023,-0.0224462783967328,"UAB"
"1192",4.18835039305857,0.2078610830394,"II"
"478",-8.09552002012874,-6.92598469470871,"UAB"
"1861",5.36466560430191,0.644266413992189,"II"
"99",-10.2763967221722,-7.56274024073306,"UAB"
"1658",3.11449594312298,0.0684146252953192,"II"
"1599",-0.894410986890476,-2.41061509678156,"II"
"1295",13.8656080200354,5.6043322863581,"II"
"1972",9.87122387419531,3.44656861142357,"II"
"1456",6.91854829441449,1.61329407500641,"II"
"1903",4.18934905300777,0.488237449861096,"II"
"17",-3.24533691014079,-2.90670316994451,"UAB"
"174",1.66850732849478,-0.253574844858887,"UAB"
"1286",6.8111420936688,1.47233819489739,"II"
"1489",-0.428579470392623,-1.79871044544624,"II"
"114",-3.22489461423813,-2.84466526202532,"UAB"
"834",-1.99983697804773,-2.77454258123977,"UAB"
"178",3.281478711389,-0.534412373631335,"UAB"
"237",4.26810698231744,0.540357630547178,"UAB"
"51",5.32719023774595,1.69687571405348,"UAB"
"531",3.98947837855936,1.0377075975245,"UAB"
"1625",8.03934518241951,2.17142717560168,"II"
"267",-4.18898233134171,-3.6387787024364,"UAB"
"546",3.84064117397227,1.19220040925595,"UAB"
"968",6.78220377061362,2.28543831166812,"UAB"
"896",0.95690974856784,-0.860234406002879,"UAB"
"339",2.01906905256001,-0.227373530638042,"UAB"
"1783",8.43931658358959,2.27579849885942,"II"
"1897",2.86670194285274,-0.111044456411868,"II"
"1642",7.87743272105703,2.19708494594823,"II"
"1061",4.8249753407706,0.341069636727409,"II"
"727",7.59322123513985,3.44955831367409,"UAB"
"1516",7.93852855779149,1.96068102046878,"II"
"1221",9.42483106009023,2.61639661795013,"II"
"1798",4.64926864605509,0.505064421087395,"II"
"1122",7.65933921310857,2.13794692210892,"II"
"1176",12.3173106146726,5.31899857738782,"II"
"100",12.8669269243858,5.36217963352494,"UAB"
"468",2.85190964132419,0.0774079019549544,"UAB"
"1570",0.1028601756348,-2.34775216955709,"II"
"1183",4.35498151837884,-0.0187717624949375,"II"
"1495",-0.434046801740747,-2.42918165845995,"II"
"77",13.7774470496201,6.70875406143034,"UAB"
"459",4.58888538585328,1.53595833174719,"UAB"
"1128",6.04856825805127,0.658253311089805,"II"
"364",6.9512739370463,2.8954108103813,"UAB"
"1197",1.9563771875991,-0.622462858239755,"II"
"1624",10.6586589256557,4.21522231963693,"II"
"262",9.31089910105367,3.78513208383265,"UAB"
"313",10.6579938854181,4.66692747318685,"UAB"
"1326",2.25597689076687,-1.01355332999388,"II"
"843",4.41519223117439,0.423908030166991,"UAB"
"571",4.22238867786895,1.6583443337899,"UAB"
"475",-4.89780162625758,-3.47674906300827,"UAB"
"1792",13.1051872786339,5.21732000751992,"II"
"666",-7.29378047947956,-5.02444041588928,"UAB"
"1238",7.56369334453348,1.80373332486203,"II"
"1876",3.70353663667918,0.479799713346562,"II"
"305",-0.245318712308168,-2.5126704557914,"UAB"
"1219",5.50748837411948,0.521406710131163,"II"
"875",-0.0762156992695158,-0.767992924250933,"UAB"
"1311",3.68975424459963,0.147997117816808,"II"
"675",3.4967660098964,1.2393001707861,"UAB"
"1638",3.61042840184766,-0.417202036197421,"II"
"839",-0.552044255376437,-1.67181920925403,"UAB"
"1235",14.1571366784214,5.31298225449502,"II"
"1435",9.909015185203,2.92639714594534,"II"
"1478",7.67111543539656,1.94883725778876,"II"
"1540",9.73105668438914,3.53324135555897,"II"
"385",8.93376139518879,3.15466481758456,"UAB"
"1936",0.776670424339107,-1.56142855787657,"II"
"637",1.90276179249704,-0.788487981711476,"UAB"
"1899",5.72343380666501,1.30727523667658,"II"
"807",9.80181001144423,3.68248140687552,"UAB"
"1997",7.14530418516418,2.2926646684822,"II"
"1347",12.6444953119315,4.61508922897558,"II"
"57",6.15692299379808,2.16348202332627,"UAB"
"1375",13.5385649040222,5.08427130401043,"II"
"1362",3.44747729658499,0.026104391980534,"II"
"81",1.3591974939558,-0.584408678658695,"UAB"
"893",-11.1489209012866,-8.14463161266639,"UAB"
"1459",5.28455602382151,0.762043156752936,"II"
"1568",5.88100126693733,0.710187169669325,"II"
"1510",5.51908282211306,1.20798742959169,"II"
"864",5.84604387310061,2.27449504411968,"UAB"
"1578",-0.633922663861454,-2.71691448336743,"II"
"1015",3.12617107483526,-1.53246078373957,"II"
"217",0.389115819906205,-0.864875793513615,"UAB"
"1076",8.99127753629374,3.45044066818621,"II"
"1364",3.42601605118326,0.0447610039170593,"II"
"357",1.08110087741603,-0.688103435315335,"UAB"
"935",6.27952550680944,2.55071950050501,"UAB"
"703",1.06582784609172,-0.543626185634227,"UAB"
"410",5.09476210625941,2.20921876097433,"UAB"
"1590",-0.137541095488499,-2.75563466836751,"II"
"1581",3.52318738459642,0.456902138731726,"II"
"1743",9.59651379713855,2.89861951016859,"II"
"1276",3.87561967676009,0.576475578560558,"II"
"1504",1.40430863353006,-0.659808579191729,"II"
"188",10.7752398375971,3.71155129926741,"UAB"
"1538",17.7521207295642,7.52756893442985,"II"
"945",3.39084734303313,-0.113367099519431,"UAB"
"358",10.3336642542209,4.76958199499283,"UAB"
"1132",6.40564648604539,1.64480379612014,"II"
"1299",11.6375264199104,4.62979917670209,"II"
"391",-2.44994687625438,-2.34731891723215,"UAB"
"1444",10.7166569753032,4.42623377805658,"II"
"1751",7.90312761538505,2.56109426977845,"II"
"44",1.60978361559858,-0.454234850138494,"UAB"
"536",-3.61466134276611,-3.21381649116473,"UAB"
"1914",4.95178484019397,0.5852744406316,"II"
"1119",10.0963299933997,3.09940761983914,"II"
"1353",5.25813904470085,0.268408715992407,"II"
"1572",6.66324979479294,1.64433598254583,"II"
"1926",6.76027558119006,1.51695155226634,"II"
"72",7.43610538491547,2.33197788618712,"UAB"
"484",0.726113045695547,-1.66869776992041,"UAB"
"416",7.22650057666022,2.11367215632393,"UAB"
"67",-5.10966161810716,-4.15601425679901,"UAB"
"1935",8.03193520110327,1.87185782903538,"II"
"1031",8.15779621112163,2.60659692089809,"II"
"1081",5.75657917045701,1.71161662517026,"II"
"233",-3.99778359115428,-3.83202277506904,"UAB"
"1985",2.9109502832649,-0.975901257185949,"II"
"349",-5.75787497718489,-4.02305834509441,"UAB"
"1550",9.57255075032226,2.85092739398053,"II"
"1424",2.64875089611604,-0.284726011565148,"II"
"213",4.76684317255873,1.35729224124341,"UAB"
"798",3.34351773452039,0.734919857680383,"UAB"
"1918",2.18666876419533,-1.2792194808062,"II"
"386",0.824661473578389,-0.537888738784806,"UAB"
"1594",4.67913700091371,0.834538487081178,"II"
"1013",8.70787416531103,2.4981632507296,"II"
"530",0.920480768567916,-0.484349459062867,"UAB"
"176",1.83626977427836,-0.888939996770433,"UAB"
"309",-4.01173219153178,-3.45567022047876,"UAB"
"670",2.93448101737572,1.01332374863094,"UAB"
"1732",2.24732274925259,-0.691333134662326,"II"
"1039",2.01386502926355,-1.11081600319006,"II"
"631",7.0421396392582,2.75268583387217,"UAB"
"1664",0.430027701889113,-1.6383785181583,"II"
"497",1.60349362969702,-0.396093395475828,"UAB"
"105",0.752807998993359,-1.95192511236358,"UAB"
"1244",3.51096542174293,0.378092455831701,"II"
"1657",8.81185889274976,2.58106285666163,"II"
"1605",-3.6217868660925,-3.98884013123667,"II"
"1411",7.77184915980588,2.44130886793267,"II"
"1065",6.80543754834388,1.64445742619326,"II"
"1175",2.58943369818509,-1.06692600263965,"II"
"1214",4.73510126596809,0.463542095560882,"II"
"934",0.719069420922812,-1.24706707620014,"UAB"
"906",8.74534530048532,3.59307730157073,"UAB"
"1607",11.3031162658963,3.83268550873359,"II"
"1439",4.69339594454676,0.394538443598254,"II"
"18",-2.95523892691094,-3.269106348517,"UAB"
"783",2.69147140789441,-0.0964402875427519,"UAB"
"408",3.39407084727077,0.302381537060284,"UAB"
"1209",6.27783592588928,1.18915263436843,"II"
"126",4.49740789303252,0.297289080867783,"UAB"
"800",11.8220964767407,4.7751962359715,"UAB"
"1393",6.56444974821256,1.38562024594023,"II"
"1210",6.2136963805439,1.59821976578879,"II"
"750",4.10918607825849,0.423412953864637,"UAB"
"1447",5.81207709018837,0.776652025749123,"II"
"1327",6.4861773672818,1.93680416006761,"II"
"1620",-1.6753298846056,-3.21131945593769,"II"
"611",-4.82878826865039,-4.37859835805475,"UAB"
"1667",4.20316264953539,0.255268867848976,"II"
"1146",5.82768415354598,1.37736147916482,"II"
"185",6.07649303140375,1.54945787163791,"UAB"
"1801",7.12039303220608,1.83230841877894,"II"
"1172",5.7213281275153,1.11516650654716,"II"
"311",-1.97729031738002,-2.77663321689162,"UAB"
"1525",8.62452941720285,2.5001823636822,"II"
"1969",6.81409146403017,1.81542328131646,"II"
"200",5.46602583365584,1.20437003199124,"UAB"
"1342",1.71467861369029,-1.26513646268477,"II"
"1112",5.43848830035157,1.01542830205265,"II"
"1837",8.0254674895142,2.8276096762132,"II"
"1098",2.02201048219915,-0.970923311415942,"II"
"1523",5.70905495282362,1.31146372662548,"II"
"197",3.77655764429618,0.824729084636055,"UAB"
"1577",10.4658549398159,3.77337932580623,"II"
"766",3.54748254938588,1.06615679133849,"UAB"
"940",6.00059652454418,1.82307325422796,"UAB"
"7",-0.459418166030435,-2.08225352429002,"UAB"
"1473",-1.2692812169671,-3.22297665252554,"II"
"1888",0.998676861685102,-1.72006321809885,"II"
"1647",8.09033162396449,2.05657030315143,"II"
"899",12.5719178171937,5.2733915229557,"UAB"
"452",0.0689088609260602,-1.59951836779762,"UAB"
"491",-7.45585819570832,-5.15962864726245,"UAB"
"1030",5.8772822819236,0.632756420356219,"II"
"1546",2.84910099973133,-0.295999843202958,"II"
"167",2.16297691615905,-0.0702622712561972,"UAB"
"1248",2.585775252119,-0.387539131334959,"II"
"183",2.79794069165669,-0.0366260831819182,"UAB"
"276",0.782463634710198,-1.48096591787614,"UAB"
"985",0.341124684136081,-1.67265917738888,"UAB"
"1737",0.52484389072452,-1.38622380625291,"II"
"879",-5.07467837341154,-4.08590692649986,"UAB"
"1020",3.5186723525074,-0.29334067104275,"II"
"1185",-0.43403655659293,-2.85510734699372,"II"
"1358",2.67912551605927,-0.176175502268567,"II"
"1618",9.63095316471382,2.9029627666761,"II"
"299",-0.152319209054475,-1.87505624459948,"UAB"
"1514",1.61237048475243,-1.29080103995354,"II"
"1460",6.80687838192878,1.45507028868992,"II"
"682",6.70418249821663,2.48006488355597,"UAB"
"612",8.27696173668349,2.64543048766969,"UAB"
"959",-0.261224634168485,-1.1888225783774,"UAB"
"1748",7.62284345650789,2.44227446663633,"II"
"592",1.06229499840145,-1.29213049998815,"UAB"
"1325",8.48364721173259,2.42103505723824,"II"
"1387",11.5542788690334,3.61755384238993,"II"
"138",2.28280225555523,-0.00359402514691564,"UAB"
"1002",5.60923013475775,0.709516831538919,"II"
"1130",3.27229488861408,-0.830719643300814,"II"
"1927",1.32821565836648,-0.960927137075826,"II"
"1613",5.26289718209116,0.562782923077982,"II"
"1910",6.71540040094372,1.88007595702464,"II"
"1323",4.52900700152809,0.648515439380809,"II"
"381",-5.15224332111844,-4.24252149611613,"UAB"
"1722",3.26272763610111,-0.332059581827857,"II"
"1791",3.75489166660278,0.25716863103524,"II"
"1162",7.74027499345295,2.43778849134456,"II"
"1371",3.89986905993821,-0.228056351262449,"II"
"1453",9.92640776827152,2.89103159440289,"II"
"597",0.766450032193022,-0.866342607556728,"UAB"
"1661",6.96637799543705,1.54410483597822,"II"
"731",-0.517686865914764,-1.49440770835984,"UAB"
"451",-5.86871756110425,-4.5929601279972,"UAB"
"383",1.22865247621377,-0.918248676127378,"UAB"
"757",10.0378602027506,4.3437838261086,"UAB"
"221",5.45015717185061,1.5994207011344,"UAB"
"1553",4.94504566917676,0.0925135612035932,"II"
"728",-8.24857930310987,-6.3470185320382,"UAB"
"388",5.54337085936877,0.772299064307658,"UAB"
"1212",6.24680503285859,1.46953882593299,"II"
"786",-7.47126288244158,-5.19852039947018,"UAB"
"1741",6.52795584936584,1.51878521676957,"II"
"723",3.15654843057323,0.13918782969174,"UAB"
"1066",7.65287755030068,1.56498054215297,"II"
"1418",7.5842972703429,1.75315608444525,"II"
"1168",10.4747074904519,3.29092100310449,"II"
"1026",9.20528779524217,2.89055391971134,"II"
"1706",8.99236481975777,2.92496634664701,"II"
"729",-0.787162172617922,-1.59078911205377,"UAB"
"1641",7.64238584113593,2.14486948180895,"II"
"646",5.10563168013574,1.90286923294329,"UAB"
"645",5.12086848918976,0.858554892703389,"UAB"
"802",11.6547949178648,5.15564124136867,"UAB"
"1406",0.167773940976095,-2.03266897851123,"II"
"529",5.49990920563501,1.94127345999844,"UAB"
"569",5.99405401264358,2.11906377418198,"UAB"
"1055",5.95944497545367,1.0052720155718,"II"
"272",-5.8615957625275,-5.13864073597185,"UAB"
"1947",2.07122102748975,-1.32495250385685,"II"
"247",-3.81979839525427,-3.29166396645688,"UAB"
"1501",2.74687669727937,-0.624723230056292,"II"
"1797",-0.651505424261621,-2.08756544917275,"II"
"421",-6.75591248958764,-5.25792180529159,"UAB"
"522",7.64176061492396,3.16365559590618,"UAB"
"1714",7.46763987354498,1.99867614476138,"II"
"570",-1.19762228800907,-1.30808260270883,"UAB"
"746",0.108348837594528,-0.904593038147276,"UAB"
"115",-0.70574092307928,-1.01317260385702,"UAB"
"8",14.1704570759712,6.3565311037459,"UAB"
"806",-1.79145172340264,-2.32647158825397,"UAB"
"1314",-0.596700501898516,-2.53185215604957,"II"
"946",-2.62018235017996,-2.43747572790823,"UAB"
"1470",4.7200773193401,0.246190046007682,"II"
"1302",9.648144437932,2.97856981085029,"II"
"1555",1.07770304627933,-1.73727963003177,"II"
"865",-11.9672185263759,-8.38147598499885,"UAB"
"479",1.19766946883634,-0.56211600388869,"UAB"
"1956",5.90536159220065,1.04408806252672,"II"
"1752",7.17847053752567,0.817131214477698,"II"
"1761",3.25693624997996,-0.539851200795427,"II"
"1979",10.7131861364751,2.97876860959298,"II"
"1571",3.27502494135195,-0.579092372940122,"II"
"1717",7.01048504300114,1.46767755625579,"II"
"811",-1.81511589371658,-2.68552399011441,"UAB"
"273",5.19002417471707,2.13543346124629,"UAB"
"992",4.304638030803,0.529410529450927,"UAB"
"1466",7.81912419529337,1.6583775337219,"II"
"976",1.55694982693507,-1.04586131550261,"UAB"
"166",11.1345291880017,5.32854254336988,"UAB"
"500",-0.0264589081333675,-1.88129555328359,"UAB"
"713",4.28275532939588,1.08533277879237,"UAB"
"1120",0.534879870330983,-1.96962858237782,"II"
"667",-5.11145360463084,-4.15702099080108,"UAB"
"1180",2.80217722658696,-0.779850267289914,"II"
"863",1.19745658655896,-0.633014833078997,"UAB"
"487",7.10697887100474,2.92237493633214,"UAB"
"218",-7.31879078528276,-5.72053997681578,"UAB"
"736",-0.0854590682208551,-1.23111858411683,"UAB"
"1915",9.16738415955834,1.86147915149811,"II"
"457",-6.41969306950169,-4.90203261897698,"UAB"
"1011",2.69313304089275,-0.41190243482751,"II"
"821",4.88594566740556,1.28244794582819,"UAB"
"1506",4.41007855489085,0.350648220317281,"II"
"94",2.42756781364645,0.744386817543992,"UAB"
"13",0.535525023982312,-1.01985278604671,"UAB"
"707",1.0722745415487,-1.22175200317815,"UAB"
"1268",6.04261014185087,0.800978672429736,"II"
"1531",3.64850811645397,0.0732890025454659,"II"
"1335",12.2778342132144,4.25719435269332,"II"
"1679",7.5016941976606,1.17455965520281,"II"
"400",-0.749879213513253,-2.2877114551824,"UAB"
"1485",9.64539172750919,2.80749281261422,"II"
"1960",8.15128807718131,2.21035663433741,"II"
"1161",6.54777175338065,1.30893278987912,"II"
"54",-8.67687558559646,-5.81713353923747,"UAB"
"5",8.87083016824378,2.60876149957486,"UAB"
"1974",8.67470332827886,2.6044529668877,"II"
"180",0.645008552222655,-1.18604234238722,"UAB"
"1923",7.95105635482876,2.57101507606657,"II"
"26",6.62771848819362,1.49409278601447,"UAB"
"111",-1.80007301906459,-2.67707293693914,"UAB"
"1931",-0.554469164140253,-2.2879341887996,"II"
"1083",2.43158811011412,-1.09932985702568,"II"
"613",4.47739880961881,1.19468304858054,"UAB"
"78",12.9353370286626,4.88910353494933,"UAB"
"1981",8.10092494958266,3.02866481569028,"II"
"1315",4.97022281330407,-0.496476661004287,"II"
"1048",4.63508302258566,0.763757368927209,"II"
"1953",6.15150404046367,0.770299163050171,"II"
"331",8.2751180503324,3.44537033447565,"UAB"
"64",2.36295138392766,0.317701510876444,"UAB"
"128",2.32109174858713,-0.409001087264601,"UAB"
"79",5.53234047699023,1.87309242765844,"UAB"
"76",2.59504862871777,-0.462659741467394,"UAB"
"37",-0.758825081741698,-2.2837615065647,"UAB"
"294",5.87446945724918,2.68084841507361,"UAB"
"898",-5.36422479071169,-4.15707032503427,"UAB"
"1995",1.66220980846235,-1.25150940553687,"II"
"702",-1.84375990628103,-2.42781652500538,"UAB"
"867",-5.58882960708103,-4.42520975622253,"UAB"
"461",0.293230797103454,-1.03338344582033,"UAB"
"1158",12.9710507657624,5.60580497509273,"II"
"1366",5.20090285682133,0.187466669411769,"II"
"578",4.1789854742201,-0.0301950911419509,"UAB"
"1822",8.26514496857661,2.47828723416961,"II"
"1796",5.46426024258338,0.86331460130034,"II"
"1971",6.68773324594469,1.33815948357265,"II"
"689",-3.28505886758992,-3.29053385017771,"UAB"
"80",9.28175512059918,3.66606247130745,"UAB"
"1156",5.22261230317851,0.66052104622215,"II"
"92",4.76682071513057,0.789063722893379,"UAB"
"1468",3.05845004310149,-0.875515765069916,"II"
"1656",2.015359210895,-1.14130653371241,"II"
"363",-2.64996822413817,-2.79448944583019,"UAB"
"718",3.17638195194572,0.175624482301349,"UAB"
"1283",5.92863332646642,0.865302286992468,"II"
"1194",2.88839789727397,-0.17149471721081,"II"
"694",-1.5270267501281,-1.47729552165519,"UAB"
"752",3.20076413349418,0.159950886454132,"UAB"
"323",-7.63809998650008,-5.92522139338315,"UAB"
"630",14.339408286928,7.05437386585854,"UAB"
"1766",7.62563923998788,1.54967812062893,"II"
"39",4.51888716307444,1.17701866628017,"UAB"
"1042",7.38023347911457,1.91775952912662,"II"
"1310",6.50047269189686,1.75933005306573,"II"
"1533",2.87642763086661,-0.725863857763082,"II"
"249",-0.525195348935659,-1.08335068877462,"UAB"
"1964",9.38467571622939,3.39232261349354,"II"
"137",1.52308071273461,-1.0017919591061,"UAB"
"1683",7.66146110711586,1.83880104016631,"II"
"223",10.1717781916568,4.08032814490722,"UAB"
"922",-2.34120364888087,-2.44475129387182,"UAB"
"886",2.81210548608919,0.57865284127744,"UAB"
"1904",-3.01286465012849,-3.14136660371901,"II"
"427",-12.8804962038593,-8.05253013520181,"UAB"
"1688",3.4341536994378,-0.351817803631038,"II"
"1542",3.80519930876696,-0.0906866339900119,"II"
"482",7.47425946060247,2.91269239051431,"UAB"
"664",5.10468070695666,1.85799888336465,"UAB"
"104",0.393543371994362,-0.980374876065364,"UAB"
"519",-5.00882572569331,-3.79244335303923,"UAB"
"998",-0.477521283234718,-1.4117312758899,"UAB"
"1291",3.57153201783395,0.154157592401065,"II"
"876",-4.21090711027718,-4.2862303813522,"UAB"
"1834",11.3661994227143,3.93203719868672,"II"
"1556",1.02457087979697,-1.69792919163265,"II"
"1230",6.77632044789684,1.1378340416895,"II"
"1587",7.77424536306874,1.4939395131963,"II"
"1218",-0.383091309431073,-2.72290491542777,"II"
"1259",14.6401808572897,6.01801216431936,"II"
"66",9.42240473087474,4.36667487082661,"UAB"
"417",3.30670461864772,0.774219037240043,"UAB"
"1527",0.708680927940681,-1.30898035641616,"II"
"173",5.54044792097113,2.33230073442274,"UAB"
"1007",11.9053114890732,4.1709974318667,"II"
"574",-2.10435217050073,-2.37315883305861,"UAB"
"602",-5.63683269231186,-4.55875629243842,"UAB"
"997",-0.366187725284142,-1.50265595445401,"UAB"
"1001",2.51661184733501,-0.754085505305931,"II"
"1946",9.65105421734061,3.5253221891618,"II"
"1551",1.27450916419127,-1.16284868033042,"II"
"1628",6.50688004317987,0.91573184206093,"II"
"557",1.97709962854416,-0.184733350411891,"UAB"
"506",-2.12845966072954,-2.51580189012302,"UAB"
"695",5.96060781930503,2.10787296675967,"UAB"
"1488",4.49128274123583,0.242074916480213,"II"
"917",5.97896841048378,2.27549083040637,"UAB"
"1608",4.41784299331883,0.296846089193641,"II"
"448",1.58953479322409,-0.371035851348245,"UAB"
"1428",5.5076301911619,0.354355520702516,"II"
"1707",2.30493317545877,-1.22247353083802,"II"
"1900",9.43111738280246,2.55225667552024,"II"
"1092",3.33939099740575,-0.26908239766443,"II"
"1970",8.12372251137115,2.15835026624985,"II"
"195",-8.32255222739437,-5.91637425048719,"UAB"
"129",-0.296789124101689,-1.31529863535925,"UAB"
"545",2.84328074121918,-0.420988785931767,"UAB"
"721",-7.69864253244493,-5.78754542487433,"UAB"
"63",-9.53308401187469,-6.66140842770464,"UAB"
"296",4.76027687756748,1.2764887001767,"UAB"
"964",6.31380043290632,2.53727962828019,"UAB"
"438",4.12701465311876,1.03248035550675,"UAB"
"1893",5.73716263643041,0.920852205613189,"II"
"927",11.5160923019837,5.65341846358638,"UAB"
"1127",-1.66466501071327,-2.6423207713903,"II"
"320",2.88534430148324,0.010602971917078,"UAB"
"1924",0.39695343490664,-1.54978076505357,"II"
"649",-0.416659894537891,-1.02237571439385,"UAB"
"1558",9.46001307769459,3.63331189190858,"II"
"1650",12.6985044883222,4.60708117937374,"II"
"418",3.35559505789024,0.276306002494896,"UAB"
"464",10.1263051880477,4.6791362322922,"UAB"
"1305",2.27107702561537,-0.678242439265953,"II"
"1099",-1.50131354664767,-2.75157159102718,"II"
"259",4.68583829996837,1.59042626102533,"UAB"
"303",1.63010492313798,-0.226616591788012,"UAB"
"1841",12.0296358953297,4.6096167032661,"II"
"1988",9.75607401660222,3.19982282398942,"II"
"1060",9.76837428820091,3.11883203378663,"II"
"949",0.0469605444629603,-0.761914793606852,"UAB"
"738",8.62377202539433,3.55874854217842,"UAB"
"203",-0.867399614281894,-1.62970902854075,"UAB"
"1906",3.32833199029493,-0.257074568781552,"II"
"919",-1.47433184062041,-1.80677263108816,"UAB"
"983",10.7801273961023,4.44774846987741,"UAB"
"1894",2.92130807854645,-0.153005851327396,"II"
"745",7.57165261465168,2.23539990700784,"UAB"
"1863",7.25387489521709,2.02460724643058,"II"
"668",-0.795264354882337,-1.97156625321725,"UAB"
"775",-2.03937367749756,-1.87089066482848,"UAB"
"1939",11.8998889626451,4.44313002679959,"II"
"395",-2.95618134029196,-2.90155914537347,"UAB"
"1508",0.67123597202534,-1.80798931602742,"II"
"1369",2.22265704511612,-0.764034257399297,"II"
"1313",5.63921785977576,0.774199034136748,"II"
"944",11.0128113752219,4.82836501481845,"UAB"
"1757",9.06190750745587,2.72153960649652,"II"
"583",2.27712860167839,-0.329217144967481,"UAB"
"924",4.15236993989223,0.564206999919887,"UAB"
"403",6.20788002712117,2.34516717449468,"UAB"
"948",7.73482102396723,3.08137214345128,"UAB"
"1085",6.2300946040056,0.888786563454895,"II"
"1482",3.8162605988479,-0.411072843222761,"II"
"1925",2.62547306525447,-0.870074013816885,"II"
"679",-1.53563753353544,-2.09768173555823,"UAB"
"526",5.63532288131403,0.936567164172002,"UAB"
"642",-1.83777086293386,-2.29592010561251,"UAB"
"1802",10.7560359688694,3.60098078328703,"II"
"158",-0.283730862884554,-1.19524672248214,"UAB"
"755",5.52891676108521,1.94578917363847,"UAB"
"1843",-1.97987251609608,-3.60496830625536,"II"
"1614",8.975741641586,2.84592432905409,"II"
"347",-6.21236408994181,-4.63580199718021,"UAB"
"1448",4.97935618943746,0.957169260416981,"II"
"1574",11.5378818779711,4.21298024199571,"II"
"981",4.55288216944121,1.20979619520952,"UAB"
"1412",6.61867343265958,1.67845365728186,"II"
"359",-4.85732195437774,-3.77089972456237,"UAB"
"227",1.94947100687468,0.278912118019503,"UAB"
"422",3.56472751097922,0.873187559982168,"UAB"
"1639",5.76089736333881,0.994258341796034,"II"
"297",-0.353790414072577,-1.49569117287448,"UAB"
"483",5.0062027777504,1.20397059439881,"UAB"
"551",6.60239113107447,2.41328071030545,"UAB"
"495",-9.54814903687676,-6.60491178390426,"UAB"
"1965",6.61991451744443,1.54023100433964,"II"
"1713",7.09664609882839,1.59297894371687,"II"
"454",-3.06307563958225,-2.66331334484747,"UAB"
"995",-0.684080463441414,-1.6250979786035,"UAB"
"412",8.234388564005,2.62151297492897,"UAB"
"1408",4.27533972495277,0.216788073257652,"II"
"144",6.84693012236378,2.48798228849364,"UAB"
"872",2.29106534347286,-0.558494047207601,"UAB"
"1672",1.05804244135654,-1.50465691264316,"II"
"770",-3.87993722444874,-2.81500110632662,"UAB"
"414",-6.19843108226042,-4.51519136765582,"UAB"
"1958",5.31931046654119,1.30707446991229,"II"
"1018",7.99123728244737,1.9817740687736,"II"
"910",7.71639420723945,3.68204578399683,"UAB"
"261",-6.88182496900778,-5.0643136515008,"UAB"
"1591",4.70850239058019,0.792904992820301,"II"
"1196",2.61790991962658,-0.735758613843933,"II"
"1559",-1.6246468657158,-3.1195315002905,"II"
"443",0.924767029960162,-1.53700500422302,"UAB"
"996",1.73206456929366,-0.424754169640059,"UAB"
"48",5.9868571400711,2.09936996148716,"UAB"
"614",7.9096471059409,3.41069525492919,"UAB"
"608",3.84653097311714,0.55657261899645,"UAB"
"871",-3.34912002227473,-2.59531223932453,"UAB"
"1729",0.600492466862667,-1.96939120282942,"II"
"1096",9.54013449115848,3.15313159488186,"II"
"1856",1.74711570507369,-1.29200513248842,"II"
"165",-1.84547328312719,-2.69510225283662,"UAB"
"1199",1.80636582351309,-0.893324753858209,"II"
"1764",5.3017746935793,1.0985579940272,"II"
"1820",4.02619433293279,-0.00821596293860005,"II"
"804",3.76572607407929,0.914109788027293,"UAB"
"264",1.00228539894285,-0.446717581811649,"UAB"
"747",-0.514222015033476,-1.43459858431036,"UAB"
"1609",4.17143408362462,0.0057808128714274,"II"
"1360",5.22579161776374,0.566819297585969,"II"
"1724",6.19863335573243,1.70958997698339,"II"
"1173",7.63908609313769,1.78172408348839,"II"
"1678",0.965111459504267,-1.81858070619568,"II"
"1698",7.29864575436485,1.9934785268794,"II"
"1017",6.54908500297178,1.20846405062132,"II"
"816",-0.520398552975769,-2.23851836594348,"UAB"
"1862",6.88076352772104,1.95491688138281,"II"
"389",11.8667200015572,5.22170146956784,"UAB"
"1773",8.2734340710044,2.13809935195284,"II"
"56",-0.488594088439789,-1.97235629385028,"UAB"
"291",1.36700811899953,-0.202962178325456,"UAB"
"681",-0.366325006983979,-1.55380334210801,"UAB"
"982",0.0833997215346768,-1.23947600222041,"UAB"
"674",-3.80354111712343,-3.32775936486912,"UAB"
"513",4.54874946031384,1.23476768380247,"UAB"
"433",-2.72595020777385,-3.11750963833846,"UAB"
"1585",6.44031174487185,1.00688608079548,"II"
"1153",12.2361661273928,4.18864865008902,"II"
"958",0.103243818503776,-0.977845216084202,"UAB"
"1731",4.45477916569436,0.526250266163663,"II"
"683",-0.232435340645634,-1.73908452829558,"UAB"
"1680",7.75913274549577,2.00495620400717,"II"
"1063",14.8267970112622,6.27905787342223,"II"
"1057",8.1374559414155,2.20218479411429,"II"
"730",-1.18152487150808,-1.66525150404938,"UAB"
"1539",6.02147432839728,1.14064989519967,"II"
"1815",13.0160649597194,4.02365937630767,"II"
"845",2.66714062894707,-0.519943905185762,"UAB"
"71",13.2331593206932,6.72057503200575,"UAB"
"1324",5.99588338896668,1.59568550127229,"II"
"1811",9.77378735094671,3.56599324497808,"II"
"493",-2.76028287874891,-3.43191362247669,"UAB"
"1250",4.51406242508681,0.00908002025275179,"II"
"1415",7.7622248645052,1.0720638171986,"II"
"148",3.61599996587601,0.767427728793286,"UAB"
"904",3.2209441153218,0.608052507826457,"UAB"
"676",7.62999521743505,2.36596193758726,"UAB"
"1703",1.66773545718368,-0.928399401725467,"II"
"159",0.125450807272781,-0.971589184309273,"UAB"
"409",3.53850876726038,0.786038183337061,"UAB"
"1472",0.207951461219644,-1.98223611496726,"II"
"1840",6.44849680306545,1.68910659077037,"II"
"1882",0.913642859910533,-2.04175696622128,"II"
"1476",4.02939010360165,0.662863458808628,"II"
"632",-1.34349341594782,-2.3944224548692,"UAB"
"1870",7.54614382521802,1.83386785829865,"II"
"655",-3.27822457665884,-3.00204303857729,"UAB"
"1980",7.56393704592198,1.89529569862863,"II"
"932",5.9626356174121,1.71014441780492,"UAB"
"1787",7.530807267559,1.35717653819083,"II"
"1909",0.219867056510534,-2.21420066303536,"II"
"656",4.30485510606763,0.720592691828039,"UAB"
"1138",4.86436265940704,0.287255411869643,"II"
"150",-4.6685520464791,-4.50790059935873,"UAB"
"1467",3.10129770637587,-0.363756381117047,"II"
"615",-2.98500491535259,-2.29365799277461,"UAB"
"712",10.7033800609065,4.00858684959275,"UAB"
"88",-2.64527461501018,-3.82806356174793,"UAB"
"1049",6.53161483615285,1.28222417193697,"II"
"1864",4.93678380575724,0.893506933453001,"II"
"837",-0.276901384875553,-2.0130178566399,"UAB"
"1422",1.66952614119138,-1.22711660144006,"II"
"1767",4.64095407960915,0.50121910946345,"II"
"156",3.59392888231099,0.321195936908581,"UAB"
"198",4.09356777024315,1.15629628224373,"UAB"
"288",5.38178541883514,0.681520726929212,"UAB"
"289",17.7948270002873,8.55209865986569,"UAB"
"1179",7.58458118703682,1.22112537957147,"II"
"1833",3.99091189046955,-0.099749105177158,"II"
"1499",10.070114984703,3.74923095467544,"II"
"796",2.80143543029879,0.176015976992039,"UAB"
"606",-7.57675722543889,-5.57664321861141,"UAB"
"1352",-1.58344196952474,-4.1052915422922,"II"
"329",-3.11958891806882,-2.90114121623966,"UAB"
"1768",12.0541866604807,4.17826885143527,"II"
"254",-1.55322476489115,-1.81508251636932,"UAB"
"1689",7.92412980258667,2.89382285398033,"II"
"310",-7.21226431973409,-4.70484102890966,"UAB"
"1037",6.6005394480518,2.02708830460511,"II"
"47",-4.9494928262051,-3.92632375912588,"UAB"
"1498",5.77731095363176,1.13879605455744,"II"
"1388",10.336281982278,3.52578235526795,"II"
"1940",10.7108506680487,4.08368741379465,"II"
"1890",5.82466907848688,0.593921609146746,"II"
"561",-1.65929078778021,-2.13030568451902,"UAB"
"722",-0.749328337826272,-1.55043932136923,"UAB"
"764",5.7524559730469,2.22191757217939,"UAB"
"1744",8.24307126937324,3.03657888708468,"II"
"554",10.2987593330048,4.84333551615647,"UAB"
"1932",1.82269891118197,-0.929885852679528,"II"
"619",4.52016616227024,1.56092287615378,"UAB"
"476",2.22671477686569,-0.669588871721367,"UAB"
"980",-4.32923205677006,-3.98055953845055,"UAB"
"1481",6.25711734369257,1.99281784608912,"II"
"82",4.00601628928427,0.964241170672626,"UAB"
"909",1.1494074945734,-0.556153542891579,"UAB"
"1943",8.39627086304706,2.22432572697112,"II"
"1316",2.82365489999881,-0.912843506381041,"II"
"1891",6.07895495134135,1.56282216178725,"II"
"539",-3.22268713710123,-3.17218037876234,"UAB"
"566",-2.93815236110009,-2.57745832691205,"UAB"
"609",1.53214632897317,-0.34113172581306,"UAB"
"283",10.6341578017484,4.36574307979096,"UAB"
"453",1.13275037430687,-0.610078664714531,"UAB"
"61",7.55547830367351,3.04653088371341,"UAB"
"920",-2.30511941585128,-2.90538788051805,"UAB"
"735",0.279741818877523,-0.819945492715165,"UAB"
"155",-0.337696857762004,-1.3500611740285,"UAB"
"107",2.33844218042584,-0.510421868977509,"UAB"
"1702",3.27986800165579,-0.599113580316116,"II"
"380",3.18215258202704,0.239319472109622,"UAB"
"1701",5.14305713072903,0.721445552780596,"II"
"1810",2.21345288524404,-0.649108040559447,"II"
"1735",6.9193467725636,1.24680815008051,"II"
"1349",7.86997074609575,2.03410951460152,"II"
"426",-1.39799950343318,-3.01473754636014,"UAB"
"1824",4.67420663497889,0.853170470942073,"II"
"401",-7.07716522490577,-4.78252498054758,"UAB"
"1549",6.06000916763307,1.01727716715057,"II"
"340",5.9675810581793,1.80452523941623,"UAB"
"856",-4.01356020654043,-3.95267433772705,"UAB"
"1700",3.40202540607359,-0.834873648484749,"II"
"1978",10.4569213482837,3.51389675941076,"II"
"726",-4.70642963626531,-4.87340616031077,"UAB"
"660",6.00347626981879,1.93631809513237,"UAB"
"1500",3.56112908814528,-0.745489557433237,"II"
"1563",6.43851623672952,1.56654058435892,"II"
"1142",2.30357394164059,-0.93429639080258,"II"
"1067",-1.36218310576359,-2.87132987108304,"II"
"437",3.32570679993242,0.0109193258364912,"UAB"
"1034",13.2552062645555,4.9932769974739,"II"
"196",1.07052542629214,-0.796405373573495,"UAB"
"65",6.36726655598703,1.9187965331826,"UAB"
"627",5.20722769522297,2.10911250473202,"UAB"
"95",5.50803551199837,1.8536188615312,"UAB"
"153",-3.26464868471422,-3.08052757427694,"UAB"
"1150",1.5167743242921,-1.67478969929484,"II"
"1938",4.07358920168308,-0.156999339660669,"II"
"1454",9.22057212378451,3.15667175871101,"II"
"1557",8.14443774062428,2.20610715322034,"II"
"556",5.65732465916927,1.48040704750312,"UAB"
"2000",6.483823194081,0.89647342342953,"II"
"1009",6.29643752343239,1.19960297006681,"II"
"1597",10.6846560978885,4.28106461945093,"II"
"36",4.06754761016028,1.10203123519841,"UAB"
"1044",-2.64705748973352,-3.08147097758204,"II"
"1008",7.49845884515732,2.02752915202425,"II"
"1875",6.25094374096461,0.990102111281431,"II"
"325",-3.8075466434444,-3.8394069923166,"UAB"
"1207",6.80892127435155,1.30785686179837,"II"
"1819",1.28247436317788,-1.85219666680232,"II"
"1292",8.9321998462763,2.87294504552127,"II"
"501",-1.23344441877072,-1.49953576361778,"UAB"
"990",6.68085135611868,2.48653808474965,"UAB"
"50",2.74569068166553,-0.342595695906692,"UAB"
"1396",7.41749369458159,1.96063676534427,"II"
"205",-5.91896764085879,-5.70011367407827,"UAB"
"1282",3.67415745126929,-0.490906072199505,"II"
"520",5.15893934216997,1.28790355657254,"UAB"
"524",-6.18957140863107,-5.24587240936287,"UAB"
"1922",9.46304094652258,3.15126250267859,"II"
"458",1.44287795706117,-0.225241767456453,"UAB"
"324",-2.44946186118482,-3.14468727034812,"UAB"
"1521",12.367795807724,4.26974759976685,"II"
"108",8.77548299633907,3.32564678934585,"UAB"
"593",-3.98923987347671,-4.12233890041366,"UAB"
"222",8.4335895223793,3.60850329672379,"UAB"
"307",0.675272623285006,-1.44478678871955,"UAB"
"720",10.0991949242777,4.06332804090273,"UAB"
"40",7.8677053371872,2.87201078942067,"UAB"
"1804",5.25449558088576,1.5032177957272,"II"
"1763",6.92592558139705,1.84036605889124,"II"
"1954",8.49421141294436,2.74860394363228,"II"
"428",2.12650100720345,-0.518321728491386,"UAB"
"698",0.0773293517112391,-1.10001743603263,"UAB"
"1440",10.5168376358542,3.97469132829217,"II"
"190",16.4475684266149,7.97345778727563,"UAB"
"245",0.191962261183656,-1.91049354999667,"UAB"
"1806",4.08559996959691,0.168356880264503,"II"
"647",6.86479260326709,2.71091524619557,"UAB"
"926",5.90128338269349,1.08598317618294,"UAB"
"969",0.73071342703464,-0.837869139081471,"UAB"
"993",11.2071806054422,4.41497597538347,"UAB"
"1781",3.61131223311515,0.506410480596178,"II"
"740",1.87259960478781,-0.4960261388936,"UAB"
"45",5.97285565545749,1.3371993681347,"UAB"
"1131",5.98710842031028,1.38710939797036,"II"
"1272",7.82529957863003,2.29717293975768,"II"
"1190",6.07496526099475,0.734537442016334,"II"
"1898",11.949976315005,4.60658558341879,"II"
"172",-6.14233212296193,-5.29635779239568,"UAB"
"1547",-0.687945855521769,-2.8750462583577,"II"
"1908",9.44952626423729,3.12363444364221,"II"
"136",-1.0649232716832,-1.78137937257883,"UAB"
"913",-0.660199756865427,-1.69160828090499,"UAB"
"1340",-1.88841214334422,-2.99455012069573,"II"
"370",2.41906475269523,0.723764049372238,"UAB"
"415",7.80198307006306,3.76644761700946,"UAB"
"950",-1.45996426146724,-2.7053231920487,"UAB"
"1193",1.69484078978364,-1.35011512396365,"II"
"1596",3.84570896320586,-0.0459838702600655,"II"
"1129",2.66812193722617,-0.807801612737567,"II"
"1518",4.19660388328801,-0.150042447608061,"II"
"1167",-0.695052941601044,-2.49653764402543,"II"
"1825",6.20958188788668,1.14347026856076,"II"
"1181",-2.60719379767951,-2.9871322333334,"II"
"1869",6.13833928940095,1.43578722815398,"II"
"1520",10.4407871160445,3.59548784779832,"II"
"576",6.22418489736558,1.57618085889655,"UAB"
"869",-0.247459458822833,-1.38740446821488,"UAB"
"1341",8.32480986032213,2.52825376225063,"II"
"1110",2.14107468207028,-0.68976995245482,"II"
"1252",8.0248378458412,1.29261846634036,"II"
"133",5.39990103349822,1.44757532866832,"UAB"
"552",3.90678079487121,0.556589460261451,"UAB"
"511",-0.929085780159447,-2.18775426339692,"UAB"
"52",4.67594347261157,0.988703324160527,"UAB"
"1154",1.63238091209953,-1.10635701189853,"II"
"420",-3.26088097946074,-3.44233257917505,"UAB"
"648",-2.28991153438198,-2.55050008034042,"UAB"
"1670",-1.93076518098259,-3.49023832496012,"II"
"1330",10.8879534230663,3.44774020751503,"II"
"328",4.64714779568121,0.897771972900616,"UAB"
"1586",5.79581041088147,0.901927137151696,"II"
"818",-2.58303136136533,-3.06000097461498,"UAB"
"1644",-1.88636085791047,-2.65411331925448,"II"
"1984",4.50423489024348,0.270089326700176,"II"
"1653",7.51395996432839,1.53572383937867,"II"
"1602",2.11380947798979,-1.25420263855544,"II"
"984",2.96370405430413,-0.411624169578514,"UAB"
"1933",6.92989536315584,1.55136520532076,"II"
"1626",7.01358121415667,1.65925808764084,"II"
"1062",7.27298520879129,2.17526614041104,"II"
"1497",6.96243738470985,2.18993051092359,"II"
"591",4.51883379443268,1.56772640337856,"UAB"
"1395",9.69886956169916,3.26346798392202,"II"
"1075",4.27368989875583,-0.120714654004401,"II"
"1695",3.31826824504009,-0.321139497347124,"II"
"11",5.91880802430964,1.65937708742841,"UAB"
"90",7.25427559942432,2.80868653604495,"UAB"
"1517",1.26439543829515,-1.76046267110712,"II"
"758",6.01933733247088,2.34580282547035,"UAB"
"939",5.0393078917534,1.46938986216723,"UAB"
"585",10.3697292409449,3.9613883264363,"UAB"
"1705",-0.943094533718125,-2.48395679844207,"II"
"1109",7.36935811322896,1.80236734635701,"II"
"1319",7.67506388627222,1.73914576190237,"II"
"1721",3.48502695208042,-0.720571982055386,"II"
"257",6.55372496497874,2.38640447904574,"UAB"
"1511",4.64816870501935,0.686432207940247,"II"
"135",0.567865571302263,-0.658078216072054,"UAB"
"402",7.24882627703199,2.68037796000194,"UAB"
"10",0.943776933340732,-0.122795381114812,"UAB"
"894",-1.80476143688987,-1.63332624455507,"UAB"
"366",7.24059184605437,3.14093729508484,"UAB"
"792",-1.51598917719815,-2.74060475594298,"UAB"
"897",0.182207247827171,-1.19456889090833,"UAB"
"1490",11.5802967741808,3.82742031459274,"II"
"1262",7.37937530826779,2.23503585921806,"II"
"1443",4.03914115723634,-0.223499950450633,"II"
"1200",3.81771181402923,-0.601341958622027,"II"
"1606",3.0714854782047,-0.401370362090668,"II"
"1795",2.55822133303589,-0.748132144540494,"II"
"1307",9.17991747266928,2.63987719793193,"II"
"1043",-0.460909963142642,-2.75161855740512,"II"
"87",0.764435939461583,-0.640851429703341,"UAB"
"1738",9.94221544765193,3.13998169740048,"II"
"774",2.24007247571712,0.0675291704345629,"UAB"
"708",7.6352945477198,2.68509148113277,"UAB"
"1564",5.43296817316298,1.1722621960405,"II"
"824",3.88161150726028,0.412095520913173,"UAB"
"1458",5.52423861182272,1.42220264141876,"II"
"1911",6.98823628736032,2.00107691712057,"II"
"1610",4.59956012971108,0.691401647343382,"II"
"473",5.62712697549808,2.38099683247158,"UAB"
"547",1.61142090864198,-0.240417166515163,"UAB"
"228",-0.777486003704685,-2.14977510540607,"UAB"
"55",1.96521726618201,-0.0562891942846773,"UAB"
"142",2.46920998657695,0.123732057034018,"UAB"
"1617",13.8421382879156,5.30568499721896,"II"
"1522",-0.492488925014481,-2.44173180717369,"II"
"537",-0.974278723784164,-2.40480287849867,"UAB"
"22",4.80780249603932,1.571544293162,"UAB"
"1780",9.6469299385058,3.06551642479932,"II"
"810",4.41280862698163,1.8260988287958,"UAB"
"1350",5.77105738641155,0.715256964817213,"II"
"206",6.748197036938,2.47108389508347,"UAB"
"548",6.68289808490209,2.49040420015625,"UAB"
"275",2.12439318881221,0.46830420388487,"UAB"
"207",-1.60246451825563,-2.72441439632665,"UAB"
"732",0.975489517573359,-1.0916230540146,"UAB"
"1912",-6.95414370696042,-5.94672451104398,"II"
"143",-4.05362934539699,-4.33385690049108,"UAB"
"96",6.9391020001309,2.5005477577966,"UAB"
"724",10.8969537683774,4.35329903839472,"UAB"
"874",4.86987730108852,1.54494761165445,"UAB"
"1879",11.5444447118787,3.4457678092579,"II"
"1318",4.67509577571418,0.118773222294283,"II"
"1105",4.26235832577759,0.440454920375743,"II"
"1917",5.14080129693688,0.417293429253398,"II"
"1582",10.9915557393601,3.61999184245824,"II"
"1640",4.00694458936336,0.317448043746728,"II"
"1951",10.503411364374,4.02192783662615,"II"
"1421",6.0602387099269,0.726176196510053,"II"
"1494",0.537743852385891,-1.49208687726029,"II"
"157",4.30876203347413,1.12518934898697,"UAB"
"1726",4.98092739075029,0.517317737412538,"II"
"344",2.56321516546292,0.0814008520324824,"UAB"
"442",4.26420031357598,1.13215358905594,"UAB"
"1400",8.25735980993116,1.89284230873861,"II"
"1889",11.5085110108113,4.90752016197171,"II"
"160",6.96030678751255,2.47386332979178,"UAB"
"125",3.83751071900676,0.455569054004275,"UAB"
"1136",6.81767751442776,1.8323956500384,"II"
"1782",5.62511019292632,0.60513479389995,"II"
"109",12.0650892179469,5.5762519196778,"UAB"
"1344",7.44307705646312,2.58714393601158,"II"
"322",2.29711092542172,0.161043410792561,"UAB"
"1429",-0.69720060133102,-2.69843225237644,"II"
"365",-3.2655051957245,-3.49287299025085,"UAB"
"1629",10.6529994673659,3.67808464014993,"II"
"1529",10.3208545375855,3.49148636499237,"II"
"1378",7.56443720183729,1.88890566590153,"II"
"621",9.92670873175426,4.11433730782184,"UAB"
"1141",8.81243928148021,2.80220287526079,"II"
"1998",3.63301352704939,-0.0658654210506402,"II"
"83",13.5060739711095,5.97917912999382,"UAB"
"685",3.69651779247758,0.212393130668147,"UAB"
"1758",8.90250276800463,3.32010385275692,"II"
"528",-1.74707851255993,-2.69448999802137,"UAB"
"1537",15.6679299053726,7.12112788736963,"II"
"1390",13.1318294637634,4.69906789300996,"II"
"881",-0.847278418525137,-1.82400188791765,"UAB"
"763",0.516562572064421,-1.01553956032312,"UAB"
"1677",0.997931453248848,-1.54567881271459,"II"
"1104",11.5284526625404,5.02791278542082,"II"
"139",6.44778948303089,2.26067165501975,"UAB"
"1957",6.12762015009855,1.07306356303735,"II"
"1265",4.77112619323569,0.501585878379668,"II"
"710",2.88805682364061,0.969496692087368,"UAB"
"127",3.78175042593696,1.30828257816685,"UAB"
"258",-0.3012718387442,-1.20510120330217,"UAB"
"795",-5.30039066424593,-4.21853067568469,"UAB"
"794",-3.57399137739162,-2.62727564933133,"UAB"
"1054",7.6670623545335,2.28391346137898,"II"
"1636",7.90507076427114,2.44329073422008,"II"
"505",10.6231854674664,3.59323076880106,"UAB"
"355",5.04978262951258,1.67661269522688,"UAB"
"265",11.296176323743,4.68784696450619,"UAB"
"680",-0.412653275684653,-1.7802343805374,"UAB"
"1950",8.01582678539718,1.97636336874173,"II"
"1416",8.47475126575028,2.26192973280517,"II"
"870",-2.13289778084701,-1.8335182728425,"UAB"
"1604",3.50338638588203,0.519448585050948,"II"
"1534",10.0116225130328,3.17103893482068,"II"
"240",6.982271942528,2.37457629803909,"UAB"
"941",-5.22442699715678,-4.31579198832934,"UAB"
"1740",1.72439570617921,-0.96488278950279,"II"
"1213",4.74887594175608,0.274006945361643,"II"
"1038",-2.02298958398327,-3.58204360127098,"II"
"1959",10.8283783430732,3.87655007768087,"II"
"580",4.35567291500905,0.898600558054574,"UAB"
"1930",5.2860070817396,0.300579341601164,"II"
"281",2.57721482817224,0.099870722586499,"UAB"
"518",4.96929435499465,1.1828786413176,"UAB"
"1507",-0.37502721821113,-2.72806925761887,"II"
"1462",6.19510122643053,1.56971334133196,"II"
"449",-12.4206886935599,-7.76621211833877,"UAB"
"1377",8.08513157673799,2.43589429036919,"II"
"424",-2.63304130405871,-3.2478217888166,"UAB"
"1139",4.1379978140947,0.0825170219959757,"II"
"334",-6.01381980032292,-5.02958911060785,"UAB"
"1765",1.60142007464445,-1.27914789610979,"II"
"377",11.8927106639899,5.64991339534595,"UAB"
"1053",3.52067968608393,-0.707692047275529,"II"
"1948",6.30361613395802,1.70113552138359,"II"
"202",11.1448295421953,4.86914383930719,"UAB"
"1913",7.96057355603333,2.07833144776459,"II"
"1699",3.09732275815208,-0.168068049004847,"II"
"880",4.00994032671056,0.704368766875646,"UAB"
"1847",2.63568118919464,-1.00784005346084,"II"
"1303",11.1728674669067,4.41156240148972,"II"
"255",-0.415127083577595,-1.3935613008912,"UAB"
"397",-5.42837380533126,-4.34658071852543,"UAB"
"1493",9.67853599266653,3.13510690012786,"II"
"211",-8.11539134320969,-6.22500457971728,"UAB"
"1047",8.47867128193282,2.27473865032465,"II"
"1304",2.06428459868865,-0.289035565057694,"II"
"936",6.36472083052682,2.39257798821332,"UAB"
"1100",5.08710941683757,0.111802762056813,"II"
"12",4.81191754536499,0.698776447603114,"UAB"
"286",1.36322740700354,-0.235323607647083,"UAB"
"902",7.39152087269592,2.76054346318392,"UAB"
"226",-0.574059983442214,-2.5518501755787,"UAB"
"1419",3.71749842379509,-0.484205621511755,"II"
"866",-1.89836171393255,-1.99330627794152,"UAB"
"1535",9.48535535219151,2.68838600380405,"II"
"509",-4.29776503363214,-3.61636282840031,"UAB"
"68",6.5442502889695,2.15175658040737,"UAB"
"1813",8.34618637739235,2.29496786425842,"II"
"2",3.22892016283461,0.422003738542735,"UAB"
"1226",7.15646661242846,1.73953078329915,"II"
"378",8.80514646601028,2.56877175817837,"UAB"
"1321",7.68465751048262,1.63877102828293,"II"
"123",4.83410955274225,1.08163789832602,"UAB"
"1384",3.38874476362386,-0.356590519715343,"II"
"346",8.72936323339167,3.9386734763455,"UAB"
"1630",3.99997583660256,-0.421910121958972,"II"
"1601",7.91825295339791,2.28054432956086,"II"
"20",-2.07557287997006,-2.77642915249489,"UAB"
"991",6.61899419176301,2.74759179513717,"UAB"
"248",3.51753583955562,0.712110803894189,"UAB"
"235",4.98935103791325,1.8259023831476,"UAB"
"199",3.43468484205372,0.140114570629839,"UAB"
"1118",7.13484274414838,1.50065354163934,"II"
"373",-0.692771097891669,-1.16950770314064,"UAB"
"1070",7.7901485195842,1.97094914726842,"II"
"751",-2.19858973747985,-2.53109056416327,"UAB"
"1240",4.68530534383436,0.698549591202349,"II"
"241",8.40382276974836,3.34052810543759,"UAB"
"1786",2.20972167022423,-1.11272945872316,"II"
"1166",2.27833054614613,-1.45442788714733,"II"
"767",0.97733802150147,-0.73635153791776,"UAB"
"828",5.66685438747124,1.47064084469277,"UAB"
"1345",4.70122904019944,0.789027852184811,"II"
"840",9.61429500668564,3.85324094082429,"UAB"
"86",-3.11539140755115,-2.75140159335196,"UAB"
"582",-3.13599973475903,-3.04812738216069,"UAB"
"604",2.34038097413609,0.1133541139019,"UAB"
"1883",2.22587373076753,-1.21489973306309,"II"
"1621",8.25121929971986,1.95706416830385,"II"
"975",-2.17563308750189,-1.947440895168,"UAB"
"498",-0.177538376906787,-1.24320155323376,"UAB"
"594",8.69842602178158,4.26734086705811,"UAB"
"1386",2.93861916436162,-0.703236484488668,"II"
"1072",8.62288219665331,2.74525306224267,"II"
"842",10.2388969996719,4.48872476101996,"UAB"
"28",2.36385476803216,-0.384976919037054,"UAB"
"1854",9.15371089752076,3.11910927204599,"II"
"1256",8.28183182622577,2.37918369961948,"II"
"1089",4.67217394582769,1.06688136141911,"II"
"1712",7.76289470510651,2.32127459685879,"II"
"715",4.58859732033683,1.96117472390484,"UAB"
"1583",1.75869521197973,-1.47735957507871,"II"
"440",6.59954664396594,2.15956208536378,"UAB"
"201",-0.601185219415061,-1.14433396622696,"UAB"
"1756",4.73198768076062,0.38488923587502,"II"
"540",-2.25965639826919,-2.81751827544248,"UAB"
"1078",3.53379984270837,-0.375497344845057,"II"
"916",-0.0166672245861661,-1.95552323763471,"UAB"
"390",2.69820343064462,0.249095429988943,"UAB"
"790",10.7945704329191,4.7976162177836,"UAB"
"234",6.91564419608414,2.23415470759836,"UAB"
"1771",4.53163794412524,0.126869988168468,"II"
"375",-0.293894212238504,-0.890284223671713,"UAB"
"858",3.67288611642221,1.02757180521829,"UAB"
"110",8.09823191292768,3.89656134899022,"UAB"
"1206",6.89681676547866,1.74769215884976,"II"
"1552",10.4528776274433,2.65668575937522,"II"
"187",-6.75132753393617,-4.86319045970208,"UAB"
"1832",5.55454079027365,1.16665452883266,"II"
"835",3.46699654708489,0.970647051221556,"UAB"
"1986",4.37358535481546,0.102924296665173,"II"
"1513",9.54402605376415,2.96791150266955,"II"
"1113",9.06940817047532,2.70127224239493,"II"
"1234",5.75032194722409,0.777049852905684,"II"
"184",13.9330786499951,5.75094582800069,"UAB"
"1414",2.31544804803573,-0.895813644850558,"II"
"1046",4.91891695215558,0.866818107597184,"II"
"564",3.1003682723677,0.731980661685459,"UAB"
"1",11.010940194236,5.37933199649835,"UAB"
"1280",4.2416131219027,0.0288215840110621,"II"
"516",-4.02002337831617,-4.20459972849426,"UAB"
"573",-3.09118066521742,-2.51692880837982,"UAB"
"1051",3.29849360753819,-0.0257787683377695,"II"
"1691",9.64908898417175,3.56851543865826,"II"
"27",8.69673838832933,4.06951177052211,"UAB"
"1036",4.18230843079693,0.351851221032318,"II"
"1519",5.9138872835103,0.74972070417095,"II"
"1163",4.54206531549659,0.501118718497719,"II"
"1919",5.89820788424984,0.740912052901029,"II"
"1528",2.06039729103928,-1.58229217599558,"II"
"510",4.78464312595292,2.03499461473473,"UAB"
"743",-4.80900461662618,-4.75822503039513,"UAB"
"342",5.37749321638751,1.75759904007366,"UAB"
"1697",7.28920566484332,2.37350819639183,"II"
"1709",9.17148146080934,2.81479619331228,"II"
"1475",8.94515113299593,2.503701769726,"II"
"1297",10.3805724050978,4.11023108417527,"II"
"1491",-0.683628286052858,-2.23638190416456,"II"
"1294",2.03800811181806,-0.649241787691662,"II"
"717",1.96401886168423,0.0199011962493225,"UAB"
"833",-4.0153785993318,-3.84190761112383,"UAB"
"450",-4.30012902229079,-4.30092137228665,"UAB"
"884",3.71891536958054,0.0126518502396948,"UAB"
"508",2.82133369438959,-0.0193809083785803,"UAB"
"960",6.28851861033943,2.09645424149228,"UAB"
"1147",7.86887736094948,1.93215779583963,"II"
"1886",9.71383976672529,3.10306722470441,"II"
"1155",7.20086146499627,1.70269700969685,"II"
"1662",6.43605603399432,1.70508121074982,"II"
"445",3.15021533236802,-0.248553622365004,"UAB"
"801",-5.84942533741331,-4.09278347072036,"UAB"
"671",-1.24592507888696,-1.41374204641005,"UAB"
"1270",-1.00508322540548,-2.97019228250107,"II"
"933",-2.83015256958798,-3.17605029104303,"UAB"
"1151",5.14093831670875,1.00930252894906,"II"
"1693",8.83647588571597,2.66203942431294,"II"
"903",1.54032741960701,-0.277053391524516,"UAB"
"1887",12.4610221419883,4.12696017551065,"II"
"471",7.92925018360574,3.74085079768697,"UAB"
"1937",5.32213010111137,1.30888080632397,"II"
"1983",7.4151922979698,1.70044777660111,"II"
"1816",2.96088396482678,-0.835748526140613,"II"
"1432",3.8701015995802,0.220340376757679,"II"
"177",0.393135462951588,-0.810522110855334,"UAB"
"301",-1.48436706620095,-1.64050354307297,"UAB"
"1945",11.6269106706097,4.6798602288198,"II"
"1333",7.63016979868495,1.94477780955059,"II"
"407",2.9189792108853,-0.184277469842982,"UAB"
"1921",0.674844090422087,-2.29932639871737,"II"
"1867",8.64714557871822,2.7518884909854,"II"
"1224",7.89065384620383,2.66016328623698,"II"
"1663",7.94808986106491,2.41461565421026,"II"
"367",1.29856054584288,-0.555889445591128,"UAB"
"447",-5.56483035932801,-4.27201900245336,"UAB"
"1934",3.23037842156303,-0.63864875701626,"II"
"350",12.0010592359315,4.85704955929891,"UAB"
"75",-7.06084736296334,-4.69194329711263,"UAB"
"1715",5.41038580838691,-0.24919407949707,"II"
"544",0.0668135385135725,-1.32107197209636,"UAB"
"1635",9.97669058075885,2.96441703108907,"II"
"369",7.29901018916941,2.8521852216684,"UAB"
"793",7.32997163621934,2.23676868930322,"UAB"
"1515",5.82163492497469,-0.0181552499533739,"II"
"684",4.73123135631035,0.581368696717115,"UAB"
"1143",1.24512068652036,-1.79317437220118,"II"
"1203",1.64271406788391,-0.94245636200624,"II"
"480",11.5039990848626,4.91451413662398,"UAB"
"1716",3.04702592011296,-0.787354169238264,"II"
"1274",11.0940658539935,3.96364539706445,"II"
"186",6.37419360590924,2.57982594229994,"UAB"
"799",-6.67465655828571,-5.53929071045972,"UAB"
"777",2.85779523495873,0.574118210496991,"UAB"
"1090",-4.56054318306408,-5.24046730183694,"II"
"1463",6.92977274543639,1.84252738700323,"II"
"132",9.96435871357701,3.9583034605942,"UAB"
"1035",6.57377861328727,1.05266873475673,"II"
"1103",1.56635049605344,-0.985357245057066,"II"
"1775",4.1603947991961,-0.184363586341327,"II"
"74",2.80102282760897,0.38266981756482,"UAB"
"1376",7.55748754369694,2.64494067234531,"II"
"640",10.9159566799759,4.58451154379632,"UAB"
"134",1.13577894734121,-1.01296060068418,"UAB"
"23",-0.484792240763789,-1.90650917667737,"UAB"
"1425",9.02265716536805,2.72384963793231,"II"
"691",6.72336289091143,2.80622589578235,"UAB"
"70",1.04917312310626,-0.04583798972269,"UAB"
"1423",10.4845388572951,3.99431985273305,"II"
"292",5.99456532104862,1.4788078835215,"UAB"
"636",-2.6201023493846,-2.65507548364703,"UAB"
"1892",-0.511008692903344,-2.43222829109651,"II"
"1681",8.13872041639596,3.04989822401237,"II"
"638",5.55686599369704,1.83576762549455,"UAB"
"989",5.80749513857878,1.81764255778223,"UAB"
"1077",5.49174397361901,0.97893496277426,"II"
"895",3.37772640015301,0.656815989707969,"UAB"
"1942",5.71663008877284,0.98315088286722,"II"
"208",1.7027094092771,-0.64782151799234,"UAB"
"778",-1.99110797792122,-3.4965397271764,"UAB"
"601",2.60421451406544,0.656452400896913,"UAB"
"587",3.1931610093283,0.723600856738633,"UAB"
"1301",3.2883165876796,-0.3205435163483,"II"
"393",1.9157409372813,-0.804933950549603,"UAB"
"1727",10.8648215838193,4.39671664126848,"II"
"1069",10.0635271562648,3.6409489511112,"II"
"772",1.60136484172829,-0.945966239198928,"UAB"
"290",-3.82421993010692,-3.41518735695012,"UAB"
"1195",9.11695640165707,2.9365504782804,"II"
"1178",10.5062901994962,3.54163206908071,"II"
"600",-0.333288890735741,-2.05367194800403,"UAB"
"1902",6.73931382174581,1.34439530737491,"II"
"1208",4.18365766555421,0.165281298314642,"II"
"368",11.7268245918317,5.06331517752094,"UAB"
"1198",-0.457218059316806,-2.36374833473951,"II"
"788",-0.172328416718956,-2.43876794473039,"UAB"
"1312",12.3377611531789,4.8914242867871,"II"
"1745",6.04807457873966,1.54568264911752,"II"
"1584",6.77996529184932,1.54858955232143,"II"
"1452",5.90873633481498,0.103797392730115,"II"
"507",14.7632238324779,6.46979254228768,"UAB"
"654",-1.75305870850195,-1.92734877682483,"UAB"
"1483",13.4514780900452,5.09161956990189,"II"
"1684",6.80403133327737,1.56210980031472,"II"
"485",7.36854749294529,2.27533116463877,"UAB"
"477",0.572397150150072,-0.709813297822478,"UAB"
"30",1.30167383092009,-0.270196053247038,"UAB"
"603",4.2405520990243,1.23992676545149,"UAB"
"525",4.19778060093887,0.657967864078496,"UAB"
"907",-0.912750761784304,-2.33693475785961,"UAB"
"1873",4.47769786275547,0.00566327990287285,"II"
"1592",9.36253198033315,3.11470467139591,"II"
"1885",2.02708538392671,-1.47245457142089,"II"
"220",7.78690639965734,2.764289543925,"UAB"
"1003",1.44704862542367,-1.05238076788278,"II"
"332",-11.8690828241055,-8.30767493136227,"UAB"
"690",0.153973235205057,-1.18024737643778,"UAB"
"650",7.86774295008062,2.53496175825909,"UAB"
"1191",-1.04600826655423,-2.43996616287319,"II"
"151",1.09041123220369,-0.68333721040847,"UAB"
"1634",3.42984158510437,-0.526590799970563,"II"
"280",7.53995986785286,2.68752581246121,"UAB"
"921",3.70607363250076,0.619598488016503,"UAB"
"1451",0.435846303763708,-1.63400759068298,"II"
"787",7.90350803503128,3.36986323072907,"UAB"
"337",-3.81872895455799,-4.00280862612441,"UAB"
"1593",3.90016073781426,-0.111171332935211,"II"
"224",1.14287039516173,-1.12652308138938,"UAB"
"1753",12.205264755209,4.17128832863743,"II"
"1134",5.11626801709372,0.420839779798731,"II"
"419",1.32190569286885,-0.235852668453744,"UAB"
"1023",9.66125512523945,3.53180090214,"II"
"852",-3.45544745404393,-3.57949382564593,"UAB"
"859",11.2172680816202,5.25976883498701,"UAB"
"73",0.432889632082837,-0.537114034615633,"UAB"
"102",0.404719671101925,-1.16462575119473,"UAB"
"739",3.31776809330331,0.502232672026733,"UAB"
"1125",10.7389886898255,3.68808083144772,"II"
"1188",9.87717413350551,3.26785659753059,"II"
"928",6.48089873376848,1.92796912912941,"UAB"
"1868",5.34543337402131,0.409306330952455,"II"
"1171",1.66726971814438,-1.48232564440505,"II"
"797",-2.38978686865671,-2.63950940578692,"UAB"
"538",4.36694609985919,1.16727330311373,"UAB"
"335",-7.5284367655619,-5.20656267498451,"UAB"
"1686",1.07226599277637,-1.75174950223319,"II"
"762",-1.91222924377733,-2.51999619978027,"UAB"
"849",1.87821653020719,0.266880704002267,"UAB"
"1588",5.39267319525373,0.748474047950945,"II"
"1484",6.1860299124419,1.21491799085659,"II"
"911",-1.46720864869869,-2.4900704816774,"UAB"
"1006",5.75270756834365,1.10493418293121,"II"
"697",8.33202477767304,3.38398028316238,"UAB"
"1818",5.33412829688201,0.48901621171441,"II"
"1228",5.54617760714433,0.376011372378044,"II"
"1755",3.76589992907859,-0.227056662167012,"II"
"577",5.90017145087383,2.28331833179761,"UAB"
"1381",5.79006925820205,1.7304312812068,"II"
"93",1.23515057289005,-1.18728808784806,"UAB"
"1427",1.52751523558983,-0.848961082455965,"II"
"918",-2.41557930457368,-2.96592678540618,"UAB"
"1189",-0.825463485761282,-2.02167899340616,"II"
"1135",10.5945612768804,3.31153539969666,"II"
"1839",4.91271693849467,0.517752485142022,"II"
"692",-4.07132782292413,-4.1761882647778,"UAB"
"1397",6.44429165574513,1.89883740476363,"II"
"502",6.91764252594671,2.49431967287537,"UAB"
"1805",11.8172358043957,4.68476811061065,"II"
"760",5.47268182572164,1.63811896923509,"UAB"
"1402",-2.95887126117689,-4.10402327853672,"II"
"1464",7.31509341967227,2.22963593003448,"II"
"1842",6.60271664798782,1.48095232062845,"II"
"1028",0.929574541304576,-2.21758585562182,"II"
"1374",5.70509397219999,0.936133103922041,"II"
"699",8.72709827269471,3.11338054290006,"UAB"
"1877",2.84316731563449,-0.509029451823785,"II"
"1217",6.79636377986261,1.34738471179594,"II"
"360",9.86586466530306,4.10619921619094,"UAB"
"384",1.14291132900938,-1.43454143098006,"UAB"
"33",2.86876739660429,0.0255901394020647,"UAB"
"152",5.73294058145187,1.58252192463261,"UAB"
"1246",2.77815000667474,-0.335859951661717,"II"
"785",-2.98434841249313,-3.54090249010192,"UAB"
"154",10.520419874302,4.96786391014368,"UAB"
"961",7.25605666853201,2.87831648194852,"UAB"
"1676",4.27229533913435,0.799327074276433,"II"
"966",3.10537744362892,0.817783136418854,"UAB"
"34",5.71765786063511,1.56112867644722,"UAB"
"1576",2.34554794220645,-0.283115283548226,"II"
"181",7.46001603886774,2.84301747016824,"UAB"
"238",6.83230366762296,2.55230564455405,"UAB"
"781",8.47484314792312,3.4131450595252,"UAB"
"678",-0.664861073558535,-2.75145719663557,"UAB"
"805",1.59045397133241,-1.481337487454,"UAB"
"1133",2.95231095261449,-0.683232778129437,"II"
"251",-1.84678923426633,-2.33344983202084,"UAB"
"1619",4.35341826532192,-0.126947283575336,"II"
"1033",6.59822732660953,1.36503484771047,"II"
"628",2.13981446311481,-0.510842258878261,"UAB"
"943",1.82853313075638,-1.02927123973076,"UAB"
"1223",3.95102967317024,0.323809075134822,"II"
"759",2.27850246683287,0.237990399713248,"UAB"
"962",0.159992534258428,-1.35582666155793,"UAB"
"1126",-1.58989527245016,-3.17415566887985,"II"
"1187",7.42368887928054,1.29699766837147,"II"
"1404",10.5694612501693,4.48915356498763,"II"
"1450",4.88020035990228,0.214775489250209,"II"
"119",-1.4644368664516,-1.80121365683602,"UAB"
"3",-3.75286605265988,-3.25075758942726,"UAB"
"1821",8.65000088837084,2.18109876866957,"II"
"1363",1.43547845331812,-1.24415479958007,"II"
"1770",4.08887427594179,-0.108418405339683,"II"
"967",9.4034144654341,3.99739927328035,"UAB"
"1852",10.3405808296814,2.59359767074499,"II"
"284",4.48589934033649,0.443541721450905,"UAB"
"1306",5.13996812415419,0.760698540128147,"II"
"596",1.50718906751547,-0.551088721200838,"UAB"
"1719",5.46021461608558,0.494848419100883,"II"
"1367",6.70522096397012,1.66091960629545,"II"
"146",-6.08440412082392,-4.38366773388798,"UAB"
"212",9.4368365394583,3.29704554540835,"UAB"
"1457",9.42575088241374,2.92594599692229,"II"
"562",-1.26169289995566,-2.15452634370068,"UAB"
"1050",7.48227588867507,1.67661567395402,"II"
"1149",8.26272661359049,2.2547588783626,"II"
"1682",6.71527140632237,1.21758491378537,"II"
"1455",3.34335801097372,-0.46443976222593,"II"
"429",-3.87970077807709,-3.32817035107577,"UAB"
"1785",10.409470216976,3.23675039096637,"II"
"1990",4.53472751210746,-0.130764664100119,"II"
"1242",4.81153639809786,0.474671281364424,"II"
"1789",9.26324452247625,3.64613449436774,"II"
"1603",7.65704265145932,2.43637992090129,"II"
"215",1.9528264472784,0.480404570501227,"UAB"
"467",-1.15038827801654,-1.93170339157957,"UAB"
"1010",8.05841018898666,2.63457583794764,"II"
"700",8.47495402306563,2.89477912716528,"UAB"
"560",2.06087482567444,-0.278626536409402,"UAB"
"923",7.64911373775636,2.66310092361485,"UAB"
"314",3.07550412661959,0.694884592389126,"UAB"
"586",3.50832842867372,0.96978932587549,"UAB"
"1357",0.724276833335314,-1.9625225699757,"II"
"761",2.79161263324676,0.370201855383778,"UAB"
"42",1.36407737122135,-0.497128962828679,"UAB"
"1823",7.3181762037848,2.21546442941267,"II"
"1356",5.19493885973125,0.644974167880989,"II"
"1827",9.37693372009707,3.56082458299754,"II"
"372",9.30628993993013,3.38264336653244,"UAB"
"1831",8.95992370782595,3.05723034601287,"II"
"1673",9.20102798878539,2.65921953048148,"II"
"1164",5.43994023680805,1.17617908572874,"II"
"49",-1.82210375519763,-1.81195091701168,"UAB"
"1097",9.4049460248237,3.56212637615608,"II"
"1082",5.42945702023162,0.495217281150116,"II"
"1385",3.05061043468299,-0.897440497962304,"II"
"1328",1.41280555698922,-1.94610775692258,"II"
"972",8.67319725199052,3.02697331712816,"UAB"
"1739",0.382236138700357,-2.02746144732669,"II"
"113",5.32574233105369,1.67128053253272,"UAB"
"1101",7.2667372648432,1.91452427981103,"II"
"354",9.26424264038107,4.26214636299709,"UAB"
"38",6.09459240406766,2.13786111446681,"UAB"
"1814",11.7890742730615,4.42644827932123,"II"
"1331",9.10958359004594,3.14130893152972,"II"
"302",0.367534116081717,-1.18551651244204,"UAB"
"1649",6.87196371126354,1.47343140514522,"II"
"434",2.04122533665496,-0.50428285387871,"UAB"
"1186",4.60709499359691,0.23410948699183,"II"
"1237",1.55208956850598,-0.809119492892541,"II"
"938",8.38752974535593,3.42602816013438,"UAB"
"499",-2.92075504565595,-3.43035727639806,"UAB"
"954",-0.775283230961167,-1.37803671079068,"UAB"
"1734",7.2148280347213,1.5998060818367,"II"
"1215",6.91482877091261,0.595998596079164,"II"
"815",-1.33690333835264,-1.36775823041509,"UAB"
"1844",6.07191347534368,1.81682731740516,"II"
"1220",8.9036106542055,2.7319055658663,"II"
"19",0.725461518417281,-0.570933665336648,"UAB"
"1645",4.68571652819802,0.780312957801994,"II"
"754",7.84099354201738,3.46256821784895,"UAB"
"214",2.73039125283847,0.501000955433442,"UAB"
"515",6.82605012246816,3.2181706801584,"UAB"
"705",-1.02603262351607,-2.95127377669472,"UAB"
"219",-1.43056645273028,-1.78218533452067,"UAB"
"330",6.33217928795488,2.55593060800846,"UAB"
"460",0.881030131054885,-0.941460634510275,"UAB"
"1361",1.66865052078166,-1.43214655427761,"II"
"1027",3.60297254060411,0.317026167552056,"II"
"1177",11.1060893723271,4.13306159126193,"II"
"1398",5.3273895951047,0.886031246396168,"II"
"971",3.8260717134728,1.43569435379207,"UAB"
"1746",0.0903955802357804,-1.84583434853754,"II"
"230",3.95454510283222,1.22018106580472,"UAB"
"1165",2.55457255020369,-0.743668977256285,"II"
"814",5.476145157637,2.04355932891576,"UAB"
"970",3.27560655365914,1.20496730834073,"UAB"
"32",0.95728087592969,-1.10185262797172,"UAB"
"16",6.29391156161926,1.58974574337958,"UAB"
"1117",1.52369934356363,-1.6147863198327,"II"
"618",1.49090323846162,-0.771273671341404,"UAB"
"1005",5.41168230009051,1.08614254639424,"II"
"1595",0.0992331316362379,-2.12958619027063,"II"
"244",2.67042972139592,0.141633748624053,"UAB"
"1094",3.59033094094022,0.22284968934326,"II"
"1372",7.32566422252189,2.01647891947221,"II"
"633",-2.80564837076127,-3.1622838872078,"UAB"
"1845",4.71030200509921,0.794125023476819,"II"
"285",-4.23313732230713,-4.24246929336821,"UAB"
"891",3.87972171088484,1.20867467104831,"UAB"
"277",3.50316797788633,0.93668716719789,"UAB"
"1084",5.76031886151215,0.975754479098302,"II"
"1769",7.05750476352759,1.95217232597794,"II"
"1665",1.50628491919193,-1.33259461265615,"II"
"590",5.72577652238679,1.94997918939466,"UAB"
"58",11.2092790920308,5.26150044320067,"UAB"
"1337",3.1526158856543,0.0900525953930313,"II"
"1436",2.4252957924331,-0.635234530857477,"II"
"29",8.64036394232991,3.70557387387198,"UAB"
"405",-3.97355641195834,-4.60718601739262,"UAB"
"14",17.5004224928701,8.7987713150018,"UAB"
"1071",6.87899635445063,1.44561066812655,"II"
"1696",9.32322758052934,3.03127377992166,"II"
"1742",4.3385652888825,0.208957175063659,"II"
"1838",1.73363869719207,-1.47157827476798,"II"
"1239",3.64908259855976,-0.192154447405679,"II"
"616",4.18620888834334,0.405643117943665,"UAB"
"1561",5.26818550385983,0.590064110373041,"II"
"773",10.565696475697,5.15547407977432,"UAB"
"1231",4.74762652542566,0.690771254776757,"II"
"1808",-3.55050657133247,-4.17975478982394,"II"
"399",6.7996716232175,2.03055658251961,"UAB"
"1413",5.78461137213788,0.855880782654788,"II"
"116",3.73757047500619,0.15359906550706,"UAB"
"1247",9.36313396873844,2.77162780021545,"II"
"687",5.68756222347286,2.12494985344906,"UAB"
"1107",5.15511049482061,0.378749682286608,"II"
"567",10.8991124481914,4.83767903887436,"UAB"
"855",5.06545650283981,1.68541824203993,"UAB"
"1675",6.60491505001006,1.18896239726202,"II"
"431",2.2327390536441,0.0507753925159277,"UAB"
"784",6.03892847641692,1.31603000014777,"UAB"
"141",2.35204820754948,-0.0593452441123398,"UAB"
"121",0.746285382692335,-1.04320389951632,"UAB"
"555",0.559727364353383,-0.845890262727725,"UAB"
"1562",0.742732217161508,-1.49341531556075,"II"
"503",2.62596026032661,0.332852698767398,"UAB"
"112",8.30472993352359,2.66103059825402,"UAB"
"1111",7.69307260908453,2.39705237876338,"II"
"709",7.31515035845562,2.90774694243551,"UAB"
"725",6.53069459257454,1.96859370207607,"UAB"
"1776",6.83287210243438,2.23785334579331,"II"
"1074",4.23062692468261,0.107780830035874,"II"
"973",-3.20573047574061,-2.58128263451644,"UAB"
"169",-4.34676940247589,-3.69038758262671,"UAB"
"1750",7.77539480575113,1.84128922287316,"II"
"182",4.59168881387084,1.29327067886733,"UAB"
"780",4.53865152708691,1.00139753113202,"UAB"
"977",3.61696924232418,1.00062046182589,"UAB"
"1016",8.20302030547555,2.1092718899542,"II"
"1817",4.28541584298975,-0.0632601965595938,"II"
"1293",4.38271457345625,0.159926327537817,"II"
"841",12.21571225049,5.48203904967445,"UAB"
"634",-3.25467139978399,-3.47950573951857,"UAB"
"1615",7.68897716466534,1.03091342403013,"II"
"1449",5.61743336561336,0.768639076128261,"II"
"765",5.36166915352369,1.35385417224813,"UAB"
"610",8.81678349168075,4.30024201121104,"UAB"
"504",-4.18384916876642,-3.5519437191894,"UAB"
"455",5.45996000435469,1.90704942266627,"UAB"
"1465",10.6397939629643,3.79859024339572,"II"
"306",13.9402394393369,6.51155715485814,"UAB"
"439",-0.102561983531836,-1.41930107900425,"UAB"
"1652",0.827798947819075,-2.75066181344736,"II"
"231",7.14063568590129,2.80802069153682,"UAB"
"62",5.69070499155752,1.75131516838538,"UAB"
"1567",0.811794215556434,-1.64999429730774,"II"
"256",9.88921187621481,3.85787177618039,"UAB"
"665",0.446480057249019,-1.40748801667022,"UAB"
"1907",2.91030531639727,-0.882376822445606,"II"
"953",0.947412044216216,-0.71420132206883,"UAB"
"974",3.57847682783951,0.819441727806694,"UAB"
"193",3.45512856669218,0.0598905603553851,"UAB"
"1720",5.96615126491299,1.0816474819941,"II"
"216",4.19793247033925,0.412229399963839,"UAB"
"1872",3.54255663674986,-0.108862420849154,"II"
"1144",6.32713448028632,1.96020990445158,"II"
"1896",5.09024993609324,0.653196451586778,"II"
"171",0.28045473613635,-0.556225296396953,"UAB"
"688",5.7859742956327,0.908593129624469,"UAB"
"853",-2.42271910010361,-2.60753342561929,"UAB"
"1999",2.54113206340738,-0.480534731445687,"II"
"1365",7.79416308433828,2.19992121045977,"II"
"626",2.79351140300254,-0.659956138250184,"UAB"
"278",12.8604622926167,4.84703907649659,"UAB"
"887",9.01296560781676,3.99315400195687,"UAB"
"1905",9.44160187946349,3.35014231008692,"II"
"106",-1.36527651013923,-2.0870473111397,"UAB"
"1687",0.719893490439052,-2.46917951637094,"II"
"862",2.14323424277393,-0.241645926436864,"UAB"
"1373",6.57849306214507,1.18588530203186,"II"
"559",4.75597646654667,1.62982972539516,"UAB"
"1812",-1.19163498888056,-2.70936006268451,"II"
"1754",-0.576065531324834,-2.34705726101334,"II"
"168",2.27370063730287,-0.247428617158151,"UAB"
"844",1.77763930790038,-0.359933899407146,"UAB"
"308",-1.74387442799601,-2.58410457264015,"UAB"
"103",3.76154117094369,0.970819502484856,"UAB"
"1803",10.9842278651054,4.30558509710696,"II"
"1257",4.06716764961272,-0.0844940215052457,"II"
"769",2.32532064162079,0.0579776106860295,"UAB"
"441",2.22394901849316,-0.131311080660837,"UAB"
"517",1.2746896471309,-0.367362407432323,"UAB"
"534",-2.77339194982966,-3.20912402606108,"UAB"
"392",-3.92209158824919,-4.09234768349974,"UAB"
"1389",-2.78513249779788,-3.12261664061773,"II"
"1509",6.02148854994511,1.04513725462451,"II"
"1399",3.21462920304376,-0.102165551874689,"II"
"1646",4.54625298988196,0.657456331038966,"II"
"1080",9.32542048650598,2.88489313715897,"II"
"1277",1.22798037892999,-1.4164378432308,"II"
"711",7.06270052159819,2.30201332186018,"UAB"
"836",7.45163988706244,3.0032066716603,"UAB"
"1600",15.559640428807,5.99524715080368,"II"
"652",4.13369465659599,0.684069157859642,"UAB"
"1963",14.603969357269,6.15387379814512,"II"
"987",3.62388783647135,0.965582220302147,"UAB"
"1338",10.2608523436088,3.31899118951107,"II"
"492",11.7035301678681,4.68609150533021,"UAB"
"1300",3.82452569120008,-0.597513937739526,"II"
"830",1.0035761431292,-0.437666664365516,"UAB"
"942",2.63333194613409,0.215935405099826,"UAB"
"1420",7.10977612818244,1.72413336023536,"II"
"1298",6.62808589194291,1.61675950304685,"II"
"496",7.65188810267305,2.90098938843825,"UAB"
"1308",3.84545521236629,-0.0247200798808214,"II"
"279",-5.40715731485528,-4.27269284865926,"UAB"
"622",4.6708544367499,1.49460718120165,"UAB"
"575",-4.48944220070919,-3.24733365539682,"UAB"
"1612",-2.76427245370345,-3.59286425640523,"II"
"300",8.17542926145708,2.72650678918295,"UAB"
"124",9.01581367660058,3.29647876211559,"UAB"
"1973",3.19656838356157,-0.714072382565609,"II"
"1835",6.84196337204447,1.20333432956414,"II"
"1417",8.5599902962839,2.33818612551577,"II"
"607",-0.343444522252211,-2.01709979183035,"UAB"
"1087",6.00965878263021,0.502598737669039,"II"
"1718",1.93770206792352,-1.41908841129598,"II"
"901",5.84072373565115,2.47471600852933,"UAB"
"1114",7.38447642118944,1.9519551041122,"II"
"343",0.653860487597079,-1.68919969094386,"UAB"
"1857",5.60273129322415,0.778182182770838,"II"
"986",-0.490055159799324,-1.276493588997,"UAB"
"6",-2.27656593407669,-2.59900766166635,"UAB"
"756",5.93245873839678,1.6349767549343,"UAB"
"1205",4.05019880375313,0.321264177665376,"II"
"84",7.94952671824218,2.38939979892601,"UAB"
"1021",0.0599109094670136,-2.64479447790561,"II"
"194",3.84493045936672,1.54065796682504,"UAB"
"1434",7.04822462292449,1.50620865947894,"II"
"1566",10.6496275720175,3.24854797008376,"II"
"1479",8.45380659219531,1.70945425887399,"II"
"1229",7.73762370081135,2.04023308590579,"II"
"1955",3.5787599334931,-0.332191491147628,"II"
"1848",6.59093317082375,1.8625495870385,"II"
"1211",3.66063915654925,0.131640326777264,"II"
"813",-7.49053938539382,-5.52887773513442,"UAB"
"1269",5.37622180949279,1.00763134056513,"II"
"1108",9.99159771357592,3.42816896574257,"II"
"1383",1.61016823947893,-1.56080169446118,"II"
"1580",6.90972023442155,1.52775816407783,"II"
"988",-1.9614020205443,-3.44386547496935,"UAB"
"1184",6.43622197836566,1.3554753312632,"II"
"1275",4.04493301834344,-0.249229755359671,"II"
"955",8.51192428315878,3.62163609615171,"UAB"
"704",-0.584238954989604,-1.5296907901013,"UAB"
"1968",4.6850317077052,0.0382941588647541,"II"
"327",4.49072749365954,1.7065843016065,"UAB"
"1086",2.56934899053733,-0.910691638322542,"II"
"1760",15.6931996744068,6.44738562154273,"II"
"287",12.1399031538136,5.74986048847193,"UAB"
"282",6.74443379989473,2.50267797438637,"UAB"
"1736",-0.613415990487081,-2.34237598193623,"II"
"1157",9.0628501548405,2.7220691836789,"II"
"236",-4.285727925696,-3.59082018943995,"UAB"
"1671",9.55106360252832,2.9467720434511,"II"
"341",4.23590936525467,0.999003720890574,"UAB"
"651",0.119355769647249,-1.22887398712557,"UAB"
"163",7.94388460930236,3.15711326958583,"UAB"
"1895",1.1919000849478,-1.51572835133156,"II"
"1202",10.6270653906945,3.52852540228991,"II"
"210",9.3121166049175,4.57851904111933,"UAB"
"466",-0.779730602052099,-1.36486183306487,"UAB"
"1772",10.193336514,3.62753076861721,"II"
"379",0.586974195781259,-0.905203235942107,"UAB"
"469",1.06573250011001,-0.649656176679576,"UAB"
"1759",0.773853418378459,-1.77205943057462,"II"
"878",10.8605876290829,3.72351398462364,"UAB"
"1512",5.98916660596669,1.32479813666788,"II"
"1669",2.67874830444227,-0.507803212834042,"II"
"117",1.91128256670116,-0.00972593576363935,"UAB"
"1685",5.10973162246431,0.259369158094621,"II"
"1994",3.62141550865267,0.240312929631154,"II"
"1431",5.56293473902548,1.14880957702385,"II"
"568",3.27738078046692,0.316436631810417,"UAB"
"1216",5.923363755479,0.828565962989853,"II"
"912",0.881759679330891,-1.50917740971941,"UAB"
"850",3.43703780696272,0.0458015654962264,"UAB"
"319",-0.857251094443392,-1.46009805458422,"UAB"
"817",9.47070103324986,4.23713837128619,"UAB"
"1569",9.55256762949723,3.35389303719683,"II"
"232",2.55807788056776,-0.202528468062688,"UAB"
"1394",3.35131670692689,0.0885720297852106,"II"
"1637",2.949015455133,-0.0243296689447747,"II"
"1407",5.69765141746024,0.683547953432466,"II"
"639",1.66194728221902,-0.42800373869478,"UAB"
"444",-4.04735014724261,-3.63239988544254,"UAB"
"1704",6.47676364585999,2.18988524795991,"II"
"1288",10.346907711613,3.53175186613029,"II"
"558",4.84103366815163,1.6838344747292,"UAB"
"1616",4.33538543221406,-0.0635566905297809,"II"
"1949",2.0908614917287,-1.21258107773952,"II"
"847",5.53610798395137,1.96446321287213,"UAB"
"1022",2.69390583161809,-0.651622393335172,"II"
"1290",8.61790986539003,2.16315800628335,"II"
"624",-1.08494390912223,-2.37810415121183,"UAB"
"1611",2.73984504866245,-0.385659733833297,"II"
"432",-2.57714049895196,-3.08748261386028,"UAB"
"742",-1.12453166081566,-1.89522392464722,"UAB"
"1627",1.84050837524274,-0.673122239954332,"II"
"1874",0.351963079371656,-2.07124380216129,"II"
"658",1.59241678752305,-0.141231188545285,"UAB"
"24",8.5885542695587,3.05644538737296,"UAB"
"1622",5.43576237943219,0.888746453751404,"II"
"1730",1.69287113466393,-1.71803635900314,"II"
"1728",-0.236008765574598,-2.87240793813821,"II"
"1273",5.57055523289128,0.619628094585916,"II"
"1486",-0.598487956720897,-2.6903753165575,"II"
"463",5.88346277356439,1.99957291242967,"UAB"
"164",0.229005312543682,-0.881144596642643,"UAB"
"149",-6.64397166561497,-4.52086547342591,"UAB"
"782",10.0662617014876,4.36887342471944,"UAB"
"661",3.85214432727327,0.96600617787058,"UAB"
"120",-0.216571700008022,-1.73204646712296,"UAB"
"462",11.9352281202617,5.25947422945513,"UAB"
"1829",5.85357456701453,0.98177851635702,"II"
"1401",13.2514814258748,5.2767401006153,"II"
"957",3.49435112683724,0.667655131775231,"UAB"
"1788",11.7980958008058,4.347026073542,"II"
"753",11.2305650026665,5.06285090177964,"UAB"
"1530",11.7595553091369,3.9374041884536,"II"
"1977",0.570641894153979,-1.78572912681283,"II"
"1643",12.6766170517539,4.62901459703115,"II"
"1029",6.73916918903139,1.47930358490582,"II"
"635",5.52079395939522,2.12446582218242,"UAB"
"269",0.41512009577566,-1.01516876338427,"UAB"
"657",8.91619264067234,3.71363351033428,"UAB"
"253",5.55482181217692,1.87423113184168,"UAB"
"1855",7.49380098924265,1.8672697761274,"II"
"1441",5.55249532683503,0.97077368725788,"II"
"885",1.79411476745198,-0.856372613728261,"UAB"
"1334",5.8578500635229,0.837458907006137,"II"
"1480",1.06536101204967,-1.75558971365918,"II"
"1853",8.68013080811834,2.19087599881122,"II"
"1278",1.97003619880271,-1.25401624591565,"II"
"1271",9.58760219515467,2.96729934267938,"II"
"1471",9.75085960448884,3.05901698837274,"II"
"857",9.87606681093405,4.2528886621667,"UAB"
"965",0.0331093011061108,-1.63971877854826,"UAB"
"352",1.29320315673643,-0.911712583634495,"UAB"
"854",9.56278983695442,4.42986950713943,"UAB"
"1992",11.2883115241651,4.19660329152624,"II"
"1666",7.3862578303716,1.41519418264225,"II"
"812",16.211068777544,7.10279399377111,"UAB"
"1708",5.79304961929309,1.06943408131401,"II"
"1916",6.01791610906936,0.881685262759718,"II"
"914",-4.26060003314476,-3.42652223893916,"UAB"
"533",1.54854936094813,-0.716105386247461,"UAB"
"59",-2.08492779684485,-2.21337491695963,"UAB"
"978",5.68173677704846,0.8140472138178,"UAB"
"838",2.96559144310865,0.379995406062869,"UAB"
"1115",11.2644075059866,3.03958215510949,"II"
"532",5.90431498656366,1.67738001845187,"UAB"
"1058",8.17828279274807,2.9132386981184,"II"
"1505",9.81558851191575,3.5602471597792,"II"
"1694",0.708895065765736,-1.39593451019297,"II"
"1254",4.05503970768504,0.254687255284344,"II"
"584",-1.28573478084807,-2.79894935786627,"UAB"
"598",-0.646037940395779,-1.50640355519387,"UAB"
"189",3.01730514247348,0.250120088060152,"UAB"
"999",8.85614665698858,3.18587963519999,"UAB"
"53",-7.93006939959202,-5.7015504478038,"UAB"
"873",-6.13407629064751,-4.22642073277875,"UAB"
"1032",7.36957979777587,2.18633936450806,"II"
"1884",6.87026697639165,1.59932083577218,"II"
"701",-5.00124149361373,-3.61627569330486,"UAB"
"809",-7.13098848470299,-5.20806139641764,"UAB"
"243",9.60813074545341,3.34128921796419,"UAB"
"1351",0.959901652998373,-1.33959447313542,"II"
"861",5.26775053561323,1.76129056457842,"UAB"
"579",3.01228497177819,0.457330907876393,"UAB"
"1137",6.8984399453712,2.19444813455983,"II"
"1496",5.32657402576605,0.785962794099592,"II"
"1336",7.27529050770408,2.08948160131723,"II"
"1723",2.03249922619677,-0.754017018670495,"II"
"1287",11.220534865099,3.43005721096609,"II"
"696",2.45902778212556,-0.0163478702962965,"UAB"
"31",3.18584181714383,0.586226383246112,"UAB"
"848",3.40547006164235,0.649152501695724,"UAB"
"411",10.4561526529669,4.20844710352798,"UAB"
"404",11.8785072147621,5.47185200189401,"UAB"
"1068",8.79774943547761,2.34880973626499,"II"
"677",0.11906889682472,-0.964492091825485,"UAB"
"877",-8.69657564227375,-5.91710138345384,"UAB"
"1941",10.8174894433169,3.92863555044994,"II"
"1285",5.48825139245445,0.472020714268853,"II"
"1579",9.29644749464766,2.18284802429666,"II"
"46",0.441168023716253,-0.717615967292374,"UAB"
"1826",0.863292685283355,-1.79596018700709,"II"
"481",10.5273132925383,4.56621817447756,"UAB"
"1064",5.68852196188272,1.31583174026507,"II"
"1093",6.10626888803933,1.12821526831482,"II"
"1348",1.54805031763353,-0.970530667562754,"II"
"890",4.54519481733486,1.28673104048908,"UAB"
"527",1.60370215209323,0.0846599524119427,"UAB"
"1589",5.67971373494771,1.63291495081238,"II"
"1124",5.95325413305389,1.57173648109657,"II"
"396",-3.43526487722483,-3.32774824071786,"UAB"
"1355",10.9907892162375,3.83186990365258,"II"
"1725",4.29822560569236,0.0696746044066479,"II"
"851",5.63552091899079,1.87009519789889,"UAB"
"1793",2.8039501430553,-0.727019981676199,"II"
"673",9.88092291817181,4.77076983397368,"UAB"
"1159",6.70906348765632,1.56232824879497,"II"
"625",4.43322876777947,0.790242115112541,"UAB"
"351",0.323200493249345,-1.11435447948394,"UAB"
"472",-0.712890861419087,-2.24610989265251,"UAB"
"118",3.51420232780816,0.365411210313956,"UAB"
"361",2.2651728433736,0.074449164443798,"UAB"
"827",2.4183085045178,0.542303970627997,"UAB"
"605",3.79873686649585,-0.240729119384652,"UAB"
"771",1.366449745783,0.0538842595843111,"UAB"
"1332",8.51510297922196,2.82989171363508,"II"
"1565",5.91152000976658,1.14225656182399,"II"
"1227",1.93561877574413,-0.619689430683892,"II"
"15",-1.50830505319856,-1.46405132864313,"UAB"
"930",6.06982968344078,2.40854318974211,"UAB"
"318",5.11245664354417,1.26330689331171,"UAB"
"925",0.331951209812513,-1.51384640059923,"UAB"
"1982",7.29295475322524,1.54212611991058,"II"
"321",-1.8986383601609,-2.52911611460241,"UAB"
"1225",0.191448110229147,-2.23750376383111,"II"
"1410",5.05638819028922,0.948046625196273,"II"
"1881",2.85338666906935,0.0806096019187666,"II"
"470",-1.37951647805777,-1.4102703499272,"UAB"
"1024",-1.04059624707802,-2.35739294594383,"II"
"41",6.68223292064738,2.3733427969539,"UAB"
"1014",5.43817408764948,0.85852682684256,"II"
"85",7.06066666536393,2.10236440757059,"UAB"
"1993",1.15698764352982,-1.65227981287029,"II"
"1878",1.52534804456324,-1.50384105166816,"II"
"1201",9.29259267335523,3.05264529582902,"II"
"1012",2.10618246780564,-0.856653626343945,"II"
"663",3.54402137946773,0.68527999439784,"UAB"
"1258",-0.9500307055013,-2.21502731213405,"II"
"293",5.2248294439866,1.05410453636348,"UAB"
"1392",6.5903029973504,1.55727265848425,"II"
"101",-5.93933672992642,-4.14329548898615,"UAB"
"549",-2.60767092305148,-2.25328078659249,"UAB"
"1784",3.88132618988967,-0.0798593813637627,"II"
"382",6.73086212117705,2.49505343578093,"UAB"
"1655",1.88471501798251,-1.28390211783897,"II"
"1243",9.79208649404776,3.00849181180297,"II"
"1920",11.5118572976184,4.19721266890723,"II"
"521",3.15817496521196,0.311790247966616,"UAB"
"523",7.51494265017116,2.58772390811754,"UAB"
"317",-7.30790242872674,-5.18904334892538,"UAB"
"779",6.92853781832986,2.65747295650093,"UAB"
"1236",5.3164439271531,0.989005994266117,"II"
"1339",1.87199968179619,-1.19051563659869,"II"
"846",7.44491090990949,3.21707104742292,"UAB"
"832",4.54541128677404,0.913950973626233,"UAB"
"9",1.57598971336729,-0.3165006109849,"UAB"
"60",-1.19443384188649,-2.10745163054476,"UAB"
"91",3.07802483764048,0.758283169225637,"UAB"
"623",14.2655467605193,6.38019812741425,"UAB"
"929",0.228107550760329,-1.02041286296486,"UAB"
"1794",9.17006693459251,3.35753283184455,"II"
"1548",0.650698973938542,-1.47466063593072,"II"
"1241",5.00596373113028,0.663733464951839,"II"
"162",-3.32724017100345,-3.31494615889606,"UAB"
"425",9.91561581698456,3.87023483938506,"UAB"
"1996",6.65508067382677,1.53231484357191,"II"
"1836",0.784358885953233,-1.5571091974192,"II"
"1477",3.57510569790435,-0.0978281134699321,"II"
"1263",11.6718582871761,4.5066203879806,"II"
"1091",3.17605039233083,-0.0680230960838311,"II"
"662",4.86860991879642,1.28946400391285,"UAB"
"1962",-3.00971653370583,-3.60153259132891,"II"
"1041",3.31648381814987,-0.285412553576482,"II"
"1264",8.48821121682005,2.88869087225234,"II"
"304",1.10770408253844,-0.579160993737232,"UAB"
"979",-4.47922297514673,-3.75138142185671,"UAB"
"1079",11.2564698969682,3.28398420537561,"II"
"1532",7.94268221972804,2.50830701729017,"II"
"1430",4.49907856811446,-0.141515328974757,"II"
"145",10.2517651532995,3.74108110849539,"UAB"
"1245",5.98533920366496,1.51043805637893,"II"
"1575",10.5619944630188,3.41204071917704,"II"
"387",-3.35883816111998,-2.95729755362557,"UAB"
"550",4.45319251048749,0.616674994442725,"UAB"
"263",-2.83602510236237,-2.89901578191121,"UAB"
"686",3.93950369204016,1.21202261990158,"UAB"
"1659",5.375769995382,0.813286961000403,"II"
"486",2.0709909820814,0.162296378351717,"UAB"
"1309",13.7038020598674,5.36104372087301,"II"
"1989",1.31620085623535,-0.818496778801306,"II"
"825",0.795051395493526,-1.25367775695821,"UAB"
"1809",8.20566918165782,2.27220502524963,"II"
"820",-3.50346340626418,-3.57861484142417,"UAB"
"1152",4.55673951156981,-0.655751384373909,"II"
"122",6.09613221578826,2.29532503459399,"UAB"
"465",7.8917460705369,2.77524569866006,"UAB"
"1952",10.7323750895491,2.81370680550207,"II"
"298",7.68540591362778,3.17418287965082,"UAB"
"543",2.81899027833913,-0.472834639965173,"UAB"
"1000",5.8982128790159,1.44717174286768,"UAB"
"776",-1.99606583869232,-3.04193753214722,"UAB"
"1317",11.3808722283298,3.92295125587864,"II"
"1446",4.06504884343135,0.387116922920649,"II"
"653",10.4139130959557,4.60405769576236,"UAB"
"900",3.43308711177308,0.0622696264391335,"UAB"
"1461",6.20346893718607,1.1155042414552,"II"
"1222",4.35146240510974,0.279589164806205,"II"
"1858",10.127824905149,4.00848707587174,"II"
"1850",10.1353560965571,3.16711017276416,"II"
"1073",4.12295184698601,-0.193632234574349,"II"
"1004",9.35727252999623,3.80814866601398,"II"
"1346",0.42313377372451,-1.65890277916185,"II"
"170",-3.10584796833797,-2.38011950177001,"UAB"
"1503",10.5364001286192,4.05399648110346,"II"
"719",2.93980759168198,0.67308098256487,"UAB"
"1438",10.5398242568127,3.47571698344584,"II"
"1380",0.761186238206169,-1.92647441806564,"II"
"819",13.0457022426703,6.35054988761446,"UAB"
"1059",10.437253727473,3.65681714756838,"II"
"140",-2.29356832804492,-2.83656992138389,"UAB"
"588",3.71791717052741,-0.253236715940298,"UAB"
"1267",3.06255131949978,-0.3855240141935,"II"
"1019",3.86364340209705,-0.402101701117398,"II"
"1654",11.1777104710807,4.25618768415831,"II"
"744",7.09529184398236,2.62751134558273,"UAB"
"1279",7.32729986764162,1.07658531249552,"II"
"535",8.03263853697915,3.53561446127451,"UAB"
"371",3.95458916457774,1.50789516901956,"UAB"
"353",4.58727436825147,1.33066515210828,"UAB"
"581",8.98217155378253,3.69816101787318,"UAB"
"89",1.61025867378482,-0.540355456146962,"UAB"
"250",0.91754475259976,-1.36964397066274,"UAB"
"693",0.100455575062257,-1.82475718775132,"UAB"
"905",2.30979648804267,-1.07721247806621,"UAB"
"803",2.69414210000378,0.371157103080415,"UAB"
"1859",1.66542756265819,-1.27117507985567,"II"
"1880",1.50882202187014,-1.50645431488363,"II"
"1944",1.57270141354659,-0.710819908323546,"II"
"225",0.640529921233924,-1.34048757395799,"UAB"
"1711",3.24575235443104,-0.10144214632285,"II"
"1987",9.7009904861067,2.5763805935547,"II"
"266",-6.79526853388803,-4.74437752510753,"UAB"
"1251",7.74702911949474,2.4733984855704,"II"
"1929",7.25079774780491,1.76673535949768,"II"
"1170",3.78742524701983,-0.27777179237449,"II"
"398",-1.54153103108165,-2.00948956119717,"UAB"
"1474",2.48690230242809,-0.871839744264419,"II"
"1379",7.02284685036262,0.905544291552257,"II"
"1545",7.84438855966586,2.55484780694123,"II"
"1160",11.0484320971566,3.83796563432354,"II"
"348",3.54478377534228,0.72741863298782,"UAB"
"192",9.47277637597368,3.43285903797378,"UAB"
"1851",-0.389120786388451,-2.09747224807184,"II"
"1056",8.29984858026886,2.38930547155381,"II"
"488",-4.28017174959157,-4.74654509802961,"UAB"
"1320",7.33555591972299,1.85097593975253,"II"
"1140",4.45499783467524,0.569163350101717,"II"
"1025",9.87919232524289,3.20504916595189,"II"
"882",5.76276021769349,1.95117596191376,"UAB"
"456",11.3932535422862,4.70283900431041,"UAB"
"952",3.43972089909706,0.294196260388333,"UAB"
"643",3.17518068743093,-0.272727668565288,"UAB"
"868",5.10711565435338,1.34437757219607,"UAB"
"413",-2.26959012736638,-2.59576017444485,"UAB"
"1800",3.86429321026284,-0.575172634895279,"II"
"295",3.8718419373137,0.934408988112851,"UAB"
"1145",6.70277128757705,1.91348978891381,"II"
"1778",9.21674294309015,2.81716731829077,"II"
"831",-3.67821458052182,-3.26998507611661,"UAB"
"617",6.85229356814912,2.76612294145431,"UAB"
"489",-1.39709087079617,-2.2298776722037,"UAB"
"179",4.21914216178113,1.13534056518141,"UAB"
"25",1.41709096788693,-0.904217323029339,"UAB"
"1966",9.61844421257379,2.66923147601428,"II"
"1281",0.217471812496624,-1.40024144109962,"II"
"823",11.6744616169979,4.92453231644719,"UAB"
"1779",3.2986944163763,-1.18667617697938,"II"
"147",0.966742108785588,-0.602596267558081,"UAB"
"229",4.88752429137128,1.59723699131096,"UAB"
"175",2.57160588073599,0.719547289235309,"UAB"
"1204",2.28499765912595,-0.165039463688422,"II"
"1088",3.78296723396185,-0.15585514378607,"II"
"541",10.058045129349,4.26986650970761,"UAB"
"271",-1.43139424569284,-1.51793820753695,"UAB"
"270",2.22256298080956,0.613369795503882,"UAB"
"374",-5.50849382602069,-4.28559796537319,"UAB"
"1289",7.24646583009522,2.51311275707502,"II"
"98",0.227067366952979,-1.01589495555974,"UAB"
"1123",7.71772753628479,2.439931470143,"II"
"883",-3.82985423924273,-3.76010638144002,"UAB"
"1469",2.54215539189148,-0.58454080415471,"II"
"1433",4.8900279725359,0.405372289242139,"II"
"860",-1.75299823377866,-2.42125185070889,"UAB"
"734",7.39694277387152,2.50454716702947,"UAB"
"1790",4.91233904430705,0.0813766461243681,"II"
"1426",2.94002090671375,-0.629258939012484,"II"
"316",4.30596950959929,0.472924365840266,"UAB"
"1536",3.27775816188274,-0.156323087346443,"II"
"789",1.80844003746021,-0.429017611385508,"UAB"
"1354",2.10368655757491,-0.841578559384268,"II"
"1660",5.49107359498521,0.715854116249717,"II"
"572",6.40661019971453,1.75360980461356,"UAB"
"131",1.11469668748966,-0.577338296334877,"UAB"
"1121",9.4579277952769,2.63499028940331,"II"
"514",4.72187026111452,1.6198093870492,"UAB"
"204",-4.96750494827763,-3.99219977509458,"UAB"
"315",-0.25711311116905,-0.761134507278239,"UAB"
"994",-4.9550691916836,-3.40316206185492,"UAB"
"1106",8.7326652610557,2.7790677181627,"II"
"1116",4.12367859659911,-0.182493115032557,"II"
"1502",5.57789628830675,0.691913547015886,"II"
"446",0.762952952855306,-0.536837917214255,"UAB"
"937",-6.15245581640465,-5.31389113277984,"UAB"
"826",14.036277232251,5.6562044399793,"UAB"
"512",0.527605590121284,-1.70814038118548,"UAB"
"1573",10.6595922729984,3.47863766767978,"II"
"1747",8.66523146513091,2.37954774200897,"II"
"1554",8.55043515431399,2.78019031518825,"II"
"161",0.489183660585163,-0.923297567459818,"UAB"
"1442",2.18884730663157,-0.998749556537987,"II"
"1524",5.82730926986404,1.50098093997867,"II"
"1296",3.52441320644349,-0.226487104396229,"II"
"1391",2.66083484452695,-0.357470033052304,"II"
"748",9.74722152998364,4.21193422548296,"UAB"
"1487",7.94730570814526,1.59116442616063,"II"
"1169",7.18244041008841,2.02236089146154,"II"
"1830",1.01050158808476,-2.10139003685661,"II"
"1975",7.30254313025284,1.58088828503887,"II"
"808",7.89067852081519,2.8285656233212,"UAB"
"1807",8.32137415220232,2.15754948980442,"II"
"130",-7.21994431097069,-5.05762197565759,"UAB"
"362",3.85013235086776,0.717285594964167,"UAB"
"1631",8.95950281346239,3.05699388850526,"II"
"1901",5.55567069338274,0.953250925057958,"II"
"659",1.04399668654433,-0.45555217348256,"UAB"
"1865",7.55822419433769,2.0673712722572,"II"
"1762",8.53307320205007,2.88318074336541,"II"
"669",-6.54597042256025,-4.92589377368534,"UAB"
"35",8.83286754390185,3.98518131909625,"UAB"
"620",4.47438660483574,0.903323367058933,"UAB"
"908",0.398073708904777,-1.38076292269589,"UAB"
"1799",0.813451071822828,-1.4511420300887,"II"
"191",0.992283306384115,-0.413481735974566,"UAB"
"435",11.0748378633264,5.24471520641343,"UAB"
"1544",4.09751529273513,0.707614855265517,"II"
"1633",5.11340438857014,0.530864657800701,"II"
"595",2.99701707315008,0.442934345324302,"UAB"
"1174",2.19811271426776,-1.03408108592753,"II"
"1692",5.02803586073504,0.679594491846407,"II"
"209",3.56002849868289,0.798127920091277,"UAB"
"714",-1.47092623956406,-1.8592897706354,"UAB"
"423",7.3413770911639,2.49021516710223,"UAB"
"376",6.14587467486157,1.53218635187182,"UAB"
"1860",9.47334704700584,2.9530863926658,"II"
"1526",8.72479572544579,2.6206145546572,"II"
"947",1.86807089155759,-0.0962317828547097,"UAB"
"260",-9.18028878823808,-6.59388699366363,"UAB"
"1102",6.1236819660499,0.998534714287316,"II"
"1541",1.75883188847656,-1.16049790732553,"II"
"252",10.053279118735,4.00967840625232,"UAB"
"1674",1.95697513501481,-1.16955163606963,"II"
"1560",0.977503329128709,-1.81985951625394,"II"
"1322",12.2902574534111,4.73958638295306,"II"
