"","x","color","type"
"1",0.533888001693413,1,2
"2",0.634173171361908,1,1
"3",0.0491849870886654,1,1
"4",0.679424459813163,1,1
"5",0.720668487250805,1,1
"6",0.411580285755917,1,1
"7",0.856489018304273,1,1
"8",0.44670432060957,1,2
"9",0.608897890895605,1,1
"10",0.338192104361951,1,2
"11",0.503947569988668,1,2
"12",0.161400988930836,1,1
"13",0.544062135042623,1,1
"14",0.695240726927295,1,1
"15",0.983878412516788,1,2
"16",0.619645280530676,1,2
"17",0.158230272354558,1,2
"18",0.632866767933592,1,1
"19",0.985444894293323,1,1
"20",0.291197425220162,1,1
"21",0.511870658723637,1,1
"22",0.355015528388321,1,2
"23",0.743833133717999,1,2
"24",0.0239000048022717,1,2
"25",0.487319340230897,1,2
"26",0.179286014055833,1,2
"27",0.315583214629441,1,1
"28",0.430562967667356,1,1
"29",0.157136968104169,1,1
"30",0.981943731429055,1,1
"31",0.17620815592818,1,1
"32",0.496673437301069,1,1
"33",0.14369200496003,1,1
"34",0.79780378122814,1,2
"35",0.428171395557001,1,2
"36",0.437154449988157,1,1
"37",0.0669220085255802,1,1
"38",0.585012818919495,1,2
"39",0.745924341725186,1,1
"40",0.850350866559893,1,2
"41",0.760618779109791,1,2
"42",0.567778766620904,1,2
"43",0.762679503066465,1,1
"44",0.76503845769912,1,1
"45",0.388759874971583,1,1
"46",0.348895191214979,1,1
"47",0.46431077318266,1,2
"48",0.829559093806893,1,1
"49",0.531380536034703,1,1
"50",0.835045496467501,1,2
"51",0.150616855593398,1,1
"52",0.507819700520486,1,2
"53",0.772957295877859,1,2
"54",0.864641629159451,1,2
"55",0.370804450009018,1,1
"56",0.655224201502278,1,1
"57",0.226609392324463,1,2
"58",0.936844429932535,1,2
"59",0.890574448974803,1,2
"60",0.00455787661485374,1,2
"61",0.290565998991951,1,1
"62",0.22712636901997,1,1
"63",0.784063067985699,1,1
"64",0.500719618750736,1,1
"65",0.121725542470813,1,2
"66",0.129464234225452,1,1
"67",0.136235121171921,1,1
"68",0.673622252885252,1,1
"69",0.759945580270141,1,1
"70",0.301642502425238,1,1
"71",0.559795182198286,1,1
"72",0.336621926631778,1,2
"73",0.874193617608398,1,2
"74",0.601479785982519,1,2
"75",0.140714620007202,1,2
"76",0.127032645512372,1,1
"77",0.297411050181836,1,2
"78",0.567485596751794,1,2
"79",0.822146124439314,1,1
"80",0.343521336093545,1,1
"81",0.0709383015055209,1,2
"82",0.0111044298391789,1,2
"83",0.446539608761668,1,2
"84",0.118039678316563,1,1
"85",0.937613353831694,1,2
"86",0.178390027256683,1,1
"87",0.669509281171486,1,2
"88",0.694974943995476,1,2
"89",0.375196496024728,1,1
"90",0.134104640688747,1,1
"91",0.6164389194455,1,2
"92",0.12355164764449,1,2
"93",0.0309307817369699,1,2
"94",0.768864410463721,1,1
"95",0.883683440741152,1,1
"96",0.137260110815987,1,1
"97",0.289523875806481,1,1
"98",0.561768948566169,1,2
"99",0.768090847646818,1,2
"100",0.209358509629965,1,1
"101",0.875477433670312,1,1
"102",0.337369147222489,1,2
"103",0.97855537943542,1,2
"104",0.794143738225102,1,1
"105",0.421151230344549,1,2
"106",0.42401351290755,1,1
"107",0.192576332017779,1,1
"108",0.542440090561286,1,2
"109",0.467401406494901,1,2
"110",0.697738524526358,1,1
"111",0.265011526178569,1,2
"112",0.260749009437859,1,2
"113",0.819595826556906,1,1
"114",0.131029095267877,1,1
"115",0.616868016775697,1,2
"116",0.253313595196232,1,2
"117",0.396998213371262,1,2
"118",0.148238693363965,1,1
"119",0.977438269648701,1,1
"120",0.409827285679057,1,2
"121",0.0989693133160472,1,2
"122",0.787649231031537,1,1
"123",0.613719461718574,1,2
"124",0.597889722324908,1,1
"125",0.766902815783396,1,2
"126",0.448138967389241,1,1
"127",0.872798959258944,1,2
"128",0.436468730214983,1,1
"129",0.219684390118346,1,2
"130",0.729418507311493,1,2
"131",0.153501080116257,1,2
"132",0.453885253285989,1,2
"133",0.865757434861735,1,2
"134",0.313779960852116,1,2
"135",0.482010586187243,1,1
"136",0.563707211287692,1,2
"137",0.54553608968854,1,2
"138",0.823876530164853,1,2
"139",0.0645825024694204,1,2
"140",0.0645934729836881,1,1
"141",0.0934353151824325,1,2
"142",0.627078731078655,1,2
"143",0.446411676704884,1,2
"144",0.537159540457651,1,2
"145",0.154146534623578,1,1
"146",0.62361715384759,1,1
"147",0.279173251474276,1,1
"148",0.839897277532145,1,2
"149",0.240156686864793,1,2
"150",0.848197614308447,1,1
"151",0.898303779540583,1,1
"152",0.983360515441746,1,1
"153",0.980747651774436,1,1
"154",0.478492967318743,1,2
"155",0.21108067734167,1,2
"156",0.493652344448492,1,2
"157",0.759506342699751,1,2
"158",0.0527918941807002,1,1
"159",0.342845546780154,1,2
"160",0.86768063926138,1,1
"161",0.356170760700479,1,1
"162",0.990112346597016,1,1
"163",0.533408863004297,1,1
"164",0.248403149656951,1,1
"165",0.188781672855839,1,1
"166",0.518410843564197,1,1
"167",0.306316051399335,1,1
"168",0.870524810627103,1,1
"169",0.185822972794995,1,2
"170",0.0711678799707443,1,2
"171",0.546727212145925,1,2
"172",0.90478548198007,1,1
"173",0.429175978060812,1,2
"174",0.223050174536183,1,1
"175",0.175466514658183,1,1
"176",0.101753202965483,1,2
"177",0.81892813439481,1,2
"178",0.46747867227532,1,2
"179",0.566938827978447,1,1
"180",0.931749199284241,1,1
"181",0.6424550851807,1,1
"182",0.987699127523229,1,1
"183",0.222343965899199,1,2
"184",0.0709068912547082,1,1
"185",0.125296268379316,1,2
"186",0.079401338705793,1,2
"187",0.140951892826706,1,1
"188",0.332462833030149,1,2
"189",0.194708036724478,1,2
"190",0.0249400816392154,1,2
"191",0.0219353507272899,1,1
"192",0.750029480317608,1,1
"193",0.149931683437899,1,1
"194",0.0118626446928829,1,1
"195",0.599142805906013,1,2
"196",0.048505982151255,1,2
"197",0.220850719837472,1,1
"198",0.595609537791461,1,1
"199",0.071527352090925,1,2
"200",0.255588511703536,1,2
"201",0.962440780363977,1,2
"202",0.217649206519127,1,2
"203",0.201238316483796,1,2
"204",0.887612410821021,1,2
"205",0.432743753539398,1,2
"206",0.42341568833217,1,2
"207",0.97987545398064,1,2
"208",0.93002650514245,1,1
"209",0.141378519125283,1,1
"210",0.516817550640553,1,2
"211",0.0926519462373108,1,2
"212",0.041742462432012,1,1
"213",0.044754792470485,1,1
"214",0.335510132601485,1,2
"215",0.09502665954642,1,2
"216",0.646079301368445,1,2
"217",0.572737991111353,1,2
"218",0.773991407593712,1,2
"219",0.401977778179571,1,1
"220",0.209474582225084,1,2
"221",0.478666115319356,1,1
"222",0.933145033661276,1,2
"223",0.210644846782088,1,2
"224",0.648158631753176,1,1
"225",0.961305215954781,1,2
"226",0.125974649563432,1,1
"227",0.518880416639149,1,2
"228",0.256031183758751,1,2
"229",0.645761314313859,1,2
"230",0.261456048581749,1,1
"231",0.43406473309733,1,1
"232",0.587268319912255,1,2
"233",0.166872499743477,1,1
"234",0.401823719032109,1,1
"235",0.86013347376138,1,2
"236",0.437951428582892,1,2
"237",0.740345007507131,1,1
"238",0.128990409430116,1,1
"239",0.105384795228019,1,2
"240",0.930491897044703,1,1
"241",0.778521245112643,1,1
"242",0.275073570664972,1,2
"243",0.54680921160616,1,2
"244",0.928568695206195,1,2
"245",0.767859870800748,1,2
"246",0.773004614282399,1,1
"247",0.800293599721044,1,1
"248",0.625580471009016,1,1
"249",0.223030058434233,1,1
"250",0.474742074729875,1,2
"251",0.262504627229646,1,2
"252",0.0606395944487303,1,2
"253",0.292142693884671,1,1
"254",0.58249088190496,1,1
"255",0.179616702720523,1,2
"256",0.380244727712125,1,2
"257",0.180072050541639,1,2
"258",0.492415470536798,1,2
"259",0.0720115925651044,1,1
"260",0.47692972724326,1,1
"261",0.755040328018367,1,1
"262",0.0262714657001197,1,1
"263",0.209581540664658,1,1
"264",0.790620831307024,1,2
"265",0.413180051371455,1,1
"266",0.609531414229423,1,2
"267",0.224206584272906,1,1
"268",0.664972552331164,1,1
"269",0.32845654245466,1,1
"270",0.941534088226035,1,2
"271",0.325232530478388,1,2
"272",0.709922187263146,1,1
"273",0.569254726869985,1,1
"274",0.420090606901795,1,1
"275",0.758207480655983,1,1
"276",0.728605477837846,1,2
"277",0.56228621955961,1,1
"278",0.149305333383381,1,2
"279",0.945746256038547,1,2
"280",0.19280804740265,1,2
"281",0.0929323607124388,1,1
"282",0.468308788025752,1,2
"283",0.827224287902936,1,1
"284",0.516554951434955,1,2
"285",0.706063491059467,1,1
"286",0.44637387804687,1,2
"287",0.705639335792512,1,2
"288",0.273390948306769,1,1
"289",0.617986014345661,1,2
"290",0.0340060032904148,1,1
"291",0.057485839817673,1,1
"292",0.796604534843937,1,2
"293",0.891276811948046,1,2
"294",0.782297883881256,1,2
"295",0.428294145967811,1,2
"296",0.640493524959311,1,1
"297",0.894658589735627,1,1
"298",0.402945449342951,1,1
"299",0.26914422493428,1,1
"300",0.977685290155932,1,2
"301",0.586069546407089,1,2
"302",0.0417301782872528,1,2
"303",0.985619554761797,1,1
"304",0.195221676491201,1,2
"305",0.434324600733817,1,1
"306",0.362320187035948,1,1
"307",0.027079539373517,1,1
"308",0.18596582650207,1,1
"309",0.825530157890171,1,1
"310",0.687701377552003,1,2
"311",0.745695507386699,1,1
"312",0.705799018731341,1,2
"313",0.244460253743455,1,1
"314",0.282092530513182,1,2
"315",0.266701991437003,1,2
"316",0.0156946170609444,1,2
"317",0.405878990655765,1,2
"318",0.308590821223333,1,2
"319",0.674908232409507,1,2
"320",0.716954777250066,1,1
"321",0.702392207924277,1,1
"322",0.195427821017802,1,2
"323",0.0710888865869492,1,1
"324",0.763507144758478,1,1
"325",0.67311291443184,1,2
"326",0.949530236423016,1,1
"327",0.158519299235195,1,2
"328",0.0601070551201701,1,2
"329",0.567797642201185,1,1
"330",0.720381041057408,1,2
"331",0.992105747340247,1,2
"332",0.481316272635013,1,2
"333",0.979131978238001,1,1
"334",0.217511404538527,1,1
"335",0.27391977282241,1,2
"336",0.0295738964341581,1,2
"337",0.741933338344097,1,1
"338",0.914955957327038,1,2
"339",0.141572708496824,1,1
"340",0.126023738645017,1,2
"341",0.110073315678164,1,2
"342",0.0469588879495859,1,1
"343",0.396840984700248,1,1
"344",0.0237543235998601,1,2
"345",0.793177753919736,1,1
"346",0.424064643448219,1,2
"347",0.75283777480945,1,1
"348",0.471332995221019,1,2
"349",0.202911254949868,1,1
"350",0.353820313233882,1,1
"351",0.456706592580304,1,2
"352",0.622139959363267,1,1
"353",0.515840841457248,1,1
"354",0.796934469370171,1,1
"355",0.33688275818713,1,2
"356",0.766955984290689,1,2
"357",0.508456895826384,1,2
"358",0.218512748135254,1,2
"359",0.602903459221125,1,2
"360",0.972166487947106,1,1
"361",0.0995673935394734,1,1
"362",0.91010805987753,1,2
"363",0.00580973643809557,1,2
"364",0.205406258115545,1,1
"365",0.842159690568224,1,2
"366",0.728142047533765,1,1
"367",0.752153232926503,1,1
"368",0.96607517125085,1,2
"369",0.585674426518381,1,1
"370",0.597506189020351,1,2
"371",0.43634009314701,1,1
"372",0.0326554281637073,1,2
"373",0.0667738358024508,1,2
"374",0.585866524139419,1,2
"375",0.708256705198437,1,2
"376",0.504654080606997,1,2
"377",0.626047877827659,1,1
"378",0.170320431469008,1,1
"379",0.72502211574465,1,1
"380",0.0555471966508776,1,2
"381",0.376939196372405,1,1
"382",0.180650860304013,1,1
"383",0.528439645655453,1,1
"384",0.672132364008576,1,2
"385",0.640659418655559,1,1
"386",0.962236793711782,1,1
"387",0.914389705052599,1,1
"388",0.569263120414689,1,1
"389",0.114643213106319,1,2
"390",0.727644284721464,1,1
"391",0.128256445750594,1,2
"392",0.836938838707283,1,1
"393",0.372813425026834,1,2
"394",0.505190179450437,1,1
"395",0.991262874333188,1,2
"396",0.96382163092494,1,2
"397",0.529123187530786,1,1
"398",0.708255830220878,1,1
"399",0.779937600018457,1,2
"400",0.888698343653232,1,2
"401",0.0558371008373797,1,2
"402",0.20115483016707,1,2
"403",0.668581508332863,1,1
"404",0.285985678201541,1,1
"405",0.747721164487302,1,2
"406",0.908200541278347,1,2
"407",0.83750475035049,1,1
"408",0.169895833125338,1,1
"409",0.504209694219753,1,2
"410",0.597832067636773,1,2
"411",0.290867822244763,1,2
"412",0.853337544249371,1,2
"413",0.238173352787271,1,2
"414",0.184275630163029,1,1
"415",0.825926681281999,1,2
"416",0.390413587912917,1,2
"417",0.537472075317055,1,2
"418",0.177862680517137,1,1
"419",0.939158240798861,1,1
"420",0.224737317534164,1,1
"421",0.209656687453389,1,1
"422",0.741818475537002,1,1
"423",0.419843498850241,1,1
"424",0.173025434603915,1,1
"425",0.0734002201352268,1,2
"426",0.367977478541434,1,1
"427",0.57353793643415,1,1
"428",0.592632999178022,1,1
"429",0.770490206545219,1,2
"430",0.486863165628165,1,1
"431",0.0375922047533095,1,1
"432",0.457190316403285,1,2
"433",0.433815197786316,1,2
"434",0.120554377092049,1,2
"435",0.707040117820725,1,1
"436",0.571223707869649,1,1
"437",0.265182296279818,1,2
"438",0.143573738634586,1,2
"439",0.147543194936588,1,2
"440",0.511682776967064,1,1
"441",0.442804636433721,1,1
"442",0.577452998608351,1,1
"443",0.67542460677214,1,2
"444",0.700787473237142,1,2
"445",0.109973400598392,1,2
"446",0.0787168783135712,1,1
"447",0.872565103461966,1,1
"448",0.00630747340619564,1,1
"449",0.165363165084273,1,2
"450",0.4548772550188,1,1
"451",0.808641634881496,1,2
"452",0.0885695263277739,1,1
"453",0.285707217175514,1,1
"454",0.957659221952781,1,1
"455",0.102527695707977,1,1
"456",0.858066270826384,1,1
"457",0.213136160746217,1,2
"458",0.147688644239679,1,2
"459",0.625129638705403,1,1
"460",0.189027703134343,1,2
"461",0.312816511839628,1,1
"462",0.401048563187942,1,1
"463",0.416767301503569,1,2
"464",0.735473658889532,1,2
"465",0.926248400006443,1,2
"466",0.148370580514893,1,2
"467",0.985847865464166,1,2
"468",0.403737021842971,1,2
"469",0.0743069364689291,1,2
"470",0.442169343819842,1,1
"471",0.902560275280848,1,2
"472",0.593726506223902,1,2
"473",0.38834072672762,1,2
"474",0.0463589089922607,1,1
"475",0.264346241252497,1,1
"476",0.970262249931693,1,2
"477",0.674198480322957,1,1
"478",0.307795347413048,1,1
"479",0.980174654861912,1,2
"480",0.777034668484703,1,1
"481",0.873646087478846,1,1
"482",0.404002866242081,1,2
"483",0.1110024463851,1,1
"484",0.415072038769722,1,1
"485",0.653346605133265,1,1
"486",0.81933522503823,1,1
"487",0.626715692458674,1,1
"488",0.577191820368171,1,2
"489",0.168971411651,1,2
"490",0.719195736572146,1,2
"491",0.238742778776214,1,2
"492",0.598527446622029,1,1
"493",0.343221050221473,1,2
"494",0.847104491200298,1,2
"495",0.197571162134409,1,2
"496",0.390994424698874,1,1
"497",0.134190078126267,1,2
"498",0.30021600634791,1,2
"499",0.973794549005106,1,2
"500",0.20984489726834,1,1
"501",0.106097402749583,1,1
"502",0.443071610759944,1,1
"503",0.341911951312795,1,1
"504",0.850823041517287,1,1
"505",0.926010824041441,1,2
"506",0.838047074852511,1,1
"507",0.141841010423377,1,1
"508",0.862937991507351,1,1
"509",0.173917595297098,1,2
"510",0.919914892176166,1,2
"511",0.294888091273606,1,1
"512",0.864375899080187,1,1
"513",0.159475942607969,1,2
"514",0.280038180062547,1,1
"515",0.594491025432944,1,1
"516",0.920892139431089,1,2
"517",0.178440005052835,1,2
"518",0.0775487541686743,1,1
"519",0.668531024595723,1,2
"520",0.751104934839532,1,2
"521",0.577280780533329,1,1
"522",0.254847869975492,1,2
"523",0.891866298625246,1,1
"524",0.910802771802992,1,2
"525",0.73153822706081,1,2
"526",0.897577442694455,1,1
"527",0.976351995719597,1,2
"528",0.71153554529883,1,1
"529",0.858761102193967,1,2
"530",0.799417628208175,1,2
"531",0.605758444638923,1,1
"532",0.766209879657254,1,1
"533",0.743795793037862,1,1
"534",0.365369006060064,1,2
"535",0.482989049050957,1,2
"536",0.737490227213129,1,1
"537",0.724833722924814,1,2
"538",0.345778026850894,1,1
"539",0.857057526009157,1,1
"540",0.899716664105654,1,1
"541",0.825517563614994,1,2
"542",0.931440551066771,1,2
"543",0.322068048873916,1,2
"544",0.429206949658692,1,2
"545",0.254641425563022,1,1
"546",0.767933735623956,1,2
"547",0.908963812049478,1,2
"548",0.200415611732751,1,1
"549",0.0273402251768857,1,1
"550",0.699428194900975,1,2
"551",0.0711738271638751,1,1
"552",0.92405786854215,1,2
"553",0.345295775914565,1,2
"554",0.469393149018288,1,1
"555",0.502153416629881,1,2
"556",0.383025887422264,1,1
"557",0.113371790386736,1,2
"558",0.661451787222177,1,1
"559",0.562156389234588,1,2
"560",0.645559161901474,1,2
"561",0.420115019427612,1,1
"562",0.478658384876326,1,2
"563",0.722981484141201,1,1
"564",0.342542224563658,1,1
"565",0.0970776593312621,1,1
"566",0.547736575128511,1,2
"567",0.484695213381201,1,2
"568",0.23905107518658,1,1
"569",0.0791257165838033,1,1
"570",0.134791903430596,1,1
"571",0.534826145973057,1,1
"572",0.212389229098335,1,1
"573",0.997606134740636,1,1
"574",0.643659829860553,1,1
"575",0.487272698665038,1,1
"576",0.693814047146589,1,1
"577",0.49154740315862,1,1
"578",0.0301321956794709,1,1
"579",0.149237248115242,1,2
"580",0.00625641830265522,1,2
"581",0.59584247902967,1,1
"582",0.31158608943224,1,1
"583",0.86426350614056,1,1
"584",0.724614312173799,1,2
"585",0.699218833586201,1,1
"586",0.966207121498883,1,2
"587",0.28392626484856,1,2
"588",0.975701431976631,1,2
"589",0.44564070017077,1,1
"590",0.588500862009823,1,2
"591",0.00154354400001466,1,1
"592",0.590627026744187,1,2
"593",0.000651930691674352,1,2
"594",0.415265647461638,1,1
"595",0.779997697100043,1,1
"596",0.992179711116478,1,1
"597",0.0373182075563818,1,2
"598",0.422077052295208,1,2
"599",0.0697460311930627,1,2
"600",0.883348226314411,1,1
"601",0.656863216776401,1,2
"602",0.566867367364466,1,2
"603",0.975499469321221,1,2
"604",0.224158555734903,1,1
"605",0.66134468279779,1,1
"606",0.354066507192329,1,1
"607",0.00863101123832166,1,2
"608",0.219200697494671,1,2
"609",0.646529838675633,1,1
"610",0.20048964000307,1,2
"611",0.529713917756453,1,2
"612",0.125262019457296,1,2
"613",0.853915270650759,1,2
"614",0.407312768977135,1,2
"615",0.892724119825289,1,1
"616",0.541198425926268,1,1
"617",0.889754937496036,1,2
"618",0.758018529275432,1,2
"619",0.509066961938515,1,2
"620",0.814526185393333,1,2
"621",0.501944655552506,1,1
"622",0.328216926194727,1,1
"623",0.133944795234129,1,1
"624",0.863631525542587,1,1
"625",0.338977487757802,1,1
"626",0.0946423374116421,1,2
"627",0.716421882156283,1,2
"628",0.877554794540629,1,1
"629",0.643602512776852,1,2
"630",0.974106666864827,1,2
"631",0.655592470429838,1,2
"632",0.430166761390865,1,1
"633",0.103547465987504,1,2
"634",0.473671581130475,1,2
"635",0.205050488002598,1,1
"636",0.302834454225376,1,2
"637",0.779552297433838,1,1
"638",0.231567244278267,1,2
"639",0.511450316058472,1,2
"640",0.0921547990292311,1,2
"641",0.433234141906723,1,2
"642",0.179518734803423,1,2
"643",0.305450332351029,1,2
"644",0.162733446806669,1,1
"645",0.175013646949083,1,2
"646",0.0481520262546837,1,2
"647",0.591853754594922,1,1
"648",0.847158008720726,1,2
"649",0.357336118817329,1,1
"650",0.0634522105101496,1,1
"651",0.224627427523956,1,1
"652",0.929316636407748,1,1
"653",0.336262330878526,1,2
"654",0.278932107845321,1,2
"655",0.514951372286305,1,2
"656",0.524895562091842,1,1
"657",0.0639188366476446,1,2
"658",0.39086575130932,1,2
"659",0.0681965525727719,1,2
"660",0.651633794186637,1,1
"661",0.201910571660846,1,1
"662",0.149609158746898,1,1
"663",0.254380265949294,1,2
"664",0.924143235664815,1,2
"665",0.971914485096931,1,2
"666",0.339524909853935,1,1
"667",0.440749346045777,1,2
"668",0.525670511648059,1,2
"669",0.0635251104831696,1,2
"670",0.217304519610479,1,2
"671",0.769478061702102,1,2
"672",0.175273451255634,1,1
"673",0.607458283659071,1,2
"674",0.626156041165814,1,1
"675",0.626245335908607,1,1
"676",0.458842796739191,1,2
"677",0.203194929519668,1,2
"678",0.540525706252083,1,2
"679",0.650695195421576,1,1
"680",0.573052349267527,1,2
"681",0.939397966256365,1,2
"682",0.88761361152865,1,2
"683",0.426219319691882,1,2
"684",0.475734306499362,1,2
"685",0.443842741195112,1,1
"686",0.204515099525452,1,1
"687",0.177398923086002,1,2
"688",0.804019330302253,1,1
"689",0.820466437609866,1,2
"690",0.936102663166821,1,1
"691",0.584321680478752,1,2
"692",0.397707196651027,1,2
"693",0.132710537873209,1,1
"694",0.998693726724014,1,2
"695",0.966529716271907,1,1
"696",0.946735544595867,1,1
"697",0.87484219414182,1,1
"698",0.557971017202362,1,1
"699",0.304305825382471,1,1
"700",0.00663496647030115,1,2
"701",0.0804812386631966,1,1
"702",0.296668822644278,1,2
"703",0.957173548871651,1,1
"704",0.339381518075243,1,1
"705",0.566053668269888,1,2
"706",0.198818747652695,1,1
"707",0.967735347338021,1,1
"708",0.698537076590583,1,2
"709",0.987537893466651,1,2
"710",0.182167750317603,1,2
"711",0.10313671012409,1,2
"712",0.134799581486732,1,2
"713",0.874534626025707,1,2
"714",0.363559788325801,1,2
"715",0.696701503591612,1,1
"716",0.805792023427784,1,1
"717",0.0299005433917046,1,1
"718",0.0647454701829702,1,1
"719",0.898290327750146,1,2
"720",0.231651118025184,1,1
"721",0.370673761935905,1,2
"722",0.999016346642748,1,1
"723",0.810596363153309,1,2
"724",0.692431338131428,1,2
"725",0.55273383227177,1,2
"726",0.279906327370554,1,1
"727",0.0503761228173971,1,2
"728",0.00314553733915091,1,2
"729",0.354472940554842,1,2
"730",0.710909771500155,1,2
"731",0.589632968883961,1,1
"732",0.09996501612477,1,1
"733",0.557611399330199,1,2
"734",0.823635867796838,1,1
"735",0.928231068886817,1,2
"736",0.178354677511379,1,1
"737",0.64350358536467,1,1
"738",0.693917724536732,1,1
"739",0.992267478723079,1,1
"740",0.153487840434536,1,1
"741",0.643702336354181,1,2
"742",0.0260745612904429,1,1
"743",0.793910911539569,1,2
"744",0.791554863797501,1,1
"745",0.514098745537922,1,1
"746",0.560186438728124,1,1
"747",0.976755338022485,1,2
"748",0.737516165478155,1,1
"749",0.410159497288987,1,1
"750",0.165083763422444,1,2
"751",0.733476865803823,1,2
"752",0.8880084680859,1,2
"753",0.586416359525174,1,2
"754",0.0349506048951298,1,2
"755",0.617100776638836,1,1
"756",0.0746497325599194,1,2
"757",0.32001732266508,1,1
"758",0.623902298277244,1,1
"759",0.368794807698578,1,2
"760",0.128562723053619,1,1
"761",0.419923835201189,1,2
"762",0.7482763112057,1,1
"763",0.320899748709053,1,2
"764",0.450647805817425,1,1
"765",0.393626335309818,1,2
"766",0.774299513548613,1,1
"767",0.976438720012084,1,2
"768",0.075868621468544,1,2
"769",0.789575047791004,1,1
"770",0.530977130169049,1,1
"771",0.693866580957547,1,1
"772",0.176837343489751,1,1
"773",0.386260292027146,1,1
"774",0.467758330982178,1,1
"775",0.131511833285913,1,1
"776",0.845973148243502,1,2
"777",0.797352644149214,1,1
"778",0.629204550758004,1,1
"779",0.702534835087135,1,1
"780",0.208072805311531,1,2
"781",0.869567950488999,1,2
"782",0.695456887129694,1,1
"783",0.931794710457325,1,2
"784",0.583412532228976,1,1
"785",0.558675537351519,1,2
"786",0.840077508473769,1,2
"787",0.227307872846723,1,1
"788",0.374612184008583,1,2
"789",0.978768474655226,1,1
"790",0.847788572777063,1,2
"791",0.24083006917499,1,2
"792",0.460744304349646,1,2
"793",0.286964085651562,1,1
"794",0.743694822536781,1,1
"795",0.15665769809857,1,1
"796",0.762434487696737,1,2
"797",0.00690501183271408,1,2
"798",0.0322112219873816,1,2
"799",0.372901456663385,1,2
"800",0.765224402537569,1,1
"801",0.244030740344897,1,1
"802",0.687776193255559,1,1
"803",0.0589978755451739,1,1
"804",0.777009748620912,1,2
"805",0.602855115197599,1,1
"806",0.971935061505064,1,2
"807",0.991618858650327,1,2
"808",0.00574815273284912,1,1
"809",0.313735111383721,1,2
"810",0.0296704224310815,1,1
"811",0.699907287023962,1,2
"812",0.310011947294697,1,1
"813",0.666358856949955,1,1
"814",0.895873353816569,1,2
"815",0.65342284925282,1,1
"816",0.147033303743228,1,1
"817",0.674065345199779,1,2
"818",0.20430662157014,1,1
"819",0.838485968997702,1,2
"820",0.670985425589606,1,1
"821",0.929315579123795,1,2
"822",0.533914011670277,1,1
"823",0.271025524707511,1,1
"824",0.754265793832019,1,1
"825",0.61670056078583,1,1
"826",0.185701641254127,1,1
"827",0.653871944872662,1,1
"828",0.229232569457963,1,2
"829",0.270706483861431,1,2
"830",0.946000481722876,1,2
"831",0.0350091264117509,1,1
"832",0.747977221617475,1,1
"833",0.393460189225152,1,1
"834",0.0233092184644192,1,1
"835",0.336985520552844,1,1
"836",0.796700645703822,1,1
"837",0.255762156564742,1,2
"838",0.302576408954337,1,1
"839",0.651621749158949,1,2
"840",0.551412206143141,1,1
"841",0.750924324383959,1,2
"842",0.952573190210387,1,1
"843",0.776525862747803,1,2
"844",0.239086167188361,1,1
"845",0.142989368410781,1,1
"846",0.782499721506611,1,1
"847",0.083055131835863,1,1
"848",0.842248125467449,1,2
"849",0.671028823591769,1,1
"850",0.328534001251683,1,1
"851",0.814463572343811,1,1
"852",0.170238388702273,1,1
"853",0.771253390936181,1,2
"854",0.83619823679328,1,2
"855",0.346603641519323,1,1
"856",0.0811832568142563,1,1
"857",0.656100192805752,1,2
"858",0.808108761208132,1,1
"859",0.375118490774184,1,1
"860",0.80871755676344,1,1
"861",0.152721444610506,1,2
"862",0.53504099464044,1,1
"863",0.0172128519043326,1,2
"864",0.338301669340581,1,1
"865",0.644424905069172,1,2
"866",0.969870035070926,1,2
"867",0.732437685597688,1,2
"868",0.629275298910215,1,1
"869",0.126814496470615,1,1
"870",0.229206267045811,1,2
"871",0.629392206901684,1,1
"872",0.698640336748213,1,2
"873",0.483899520011619,1,2
"874",0.0515388178173453,1,1
"875",0.581304511986673,1,2
"876",0.444369372911751,1,1
"877",0.318089480046183,1,2
"878",0.473542309133336,1,1
"879",0.955233378103003,1,2
"880",0.948259600671008,1,2
"881",0.260864468989894,1,1
"882",0.901696989079937,1,2
"883",0.217379572568461,1,1
"884",0.402663054876029,1,1
"885",0.860372357070446,1,1
"886",0.938805718906224,1,2
"887",0.709422694053501,1,2
"888",0.450877442024648,1,2
"889",0.0736958719789982,1,2
"890",0.212251110235229,1,1
"891",0.827586390078068,1,1
"892",0.195250682765618,1,2
"893",0.584042597562075,1,1
"894",0.502224934985861,1,1
"895",0.364012513309717,1,2
"896",0.853680896805599,1,1
"897",0.765274037374184,1,1
"898",0.546989739872515,1,1
"899",0.12039413372986,1,1
"900",0.218496073968709,1,1
"901",0.672542546410114,1,1
"902",0.973189236130565,1,1
"903",0.835718740709126,1,2
"904",0.249391159741208,1,1
"905",0.342463662615046,1,2
"906",0.257914975751191,1,1
"907",0.137666842201725,1,1
"908",0.145966074895114,1,2
"909",0.0240543766412884,1,2
"910",0.0138249341398478,1,2
"911",0.854255031561479,1,2
"912",0.295178391737863,1,2
"913",0.465674014063552,1,1
"914",0.0459730394650251,1,2
"915",0.452194730984047,1,2
"916",0.789177410537377,1,1
"917",0.715877541573718,1,1
"918",0.342445674585178,1,2
"919",0.841160745825619,1,2
"920",0.414752705954015,1,1
"921",0.691109270090237,1,2
"922",0.29698961856775,1,1
"923",0.435423157177866,1,1
"924",0.554518273798749,1,2
"925",0.217079464579001,1,2
"926",0.295553631149232,1,1
"927",0.488648326601833,1,2
"928",0.441142367664725,1,1
"929",0.657368917251006,1,2
"930",0.440188986714929,1,1
"931",0.736852422589436,1,2
"932",0.867896158481017,1,1
"933",0.755366247612983,1,2
"934",0.0585490586236119,1,1
"935",0.15109681407921,1,2
"936",0.0109021891839802,1,2
"937",0.6570499970112,1,2
"938",0.330322689609602,1,2
"939",0.991553640458733,1,2
"940",0.905448234407231,1,2
"941",0.814816730329767,1,2
"942",0.163458867929876,1,2
"943",0.0799178476445377,1,2
"944",0.745790924411267,1,2
"945",0.244964964454994,1,2
"946",0.158533783163875,1,2
"947",0.850629996741191,1,1
"948",0.363958125235513,1,1
"949",0.537765627494082,1,2
"950",0.525413369527087,1,2
"951",0.296301343711093,1,2
"952",0.323225509142503,1,2
"953",0.317894100211561,1,1
"954",0.981211866717786,1,2
"955",0.00623668124899268,1,1
"956",0.959665245842189,1,1
"957",0.754890751093626,1,2
"958",0.851152492687106,1,2
"959",0.619604872539639,1,2
"960",0.0614932870958,1,2
"961",0.7945840456523,1,1
"962",0.104756668675691,1,1
"963",0.519567157840356,1,2
"964",0.606287862407044,1,2
"965",0.135440184501931,1,1
"966",0.57312309439294,1,1
"967",0.564916308037937,1,2
"968",0.305286837974563,1,2
"969",0.936824620701373,1,2
"970",0.513293989701197,1,1
"971",0.465794856194407,1,2
"972",0.795967484125867,1,1
"973",0.323562306817621,1,2
"974",0.116408226778731,1,1
"975",0.606443802360445,1,2
"976",0.841016917489469,1,1
"977",0.295273906784132,1,2
"978",0.889214930823073,1,2
"979",0.786052190233022,1,2
"980",0.352413310902193,1,1
"981",0.163427244406193,1,2
"982",0.69312816252932,1,1
"983",0.961110827280208,1,2
"984",0.265420409617946,1,2
"985",0.180037372279912,1,1
"986",0.0907396259717643,1,2
"987",0.519886472029611,1,1
"988",0.477862457046285,1,1
"989",0.0965135511942208,1,2
"990",0.409140212461352,1,1
"991",0.849957206519321,1,1
"992",0.780555761186406,1,1
"993",0.58516650670208,1,2
"994",0.565827225102112,1,1
"995",0.595881919609383,1,1
"996",0.571886543883011,1,2
"997",0.946523294551298,1,1
"998",0.470337332226336,1,2
"999",0.509558301186189,1,2
"1000",0.08783567,1,1
"1001",0.3935662,2,1
"1002",0.9364356,2,2
"1003",0.4620438,2,1
"1004",0.9949937,2,2
"1005",0.05627046,2,2
"1006",0.7905638,2,1
"1007",0.9662942,2,2
"1008",0.1940128,2,1
"1009",0.4612369,2,2
"1010",0.7433185,2,1
"1011",0.3832078,2,2
"1012",0.7813593,2,2
"1013",0.2711462,2,1
"1014",0.06797642,2,1
"1015",0.7850235,2,1
"1016",0.8631726,2,2
"1017",0.8909198,2,2
"1018",0.9302676,2,1
"1019",0.02789008,2,2
"1020",0.3879683,2,2
"1021",0.4519767,2,2
"1022",0.09289307,2,2
"1023",0.9735725,2,2
"1024",0.3701581,2,2
"1025",0.4540583,2,1
"1026",0.7252626,2,2
"1027",0.3778786,2,1
"1028",0.8535187,2,1
"1029",0.638331,2,1
"1030",0.9732927,2,1
"1031",0.3154356,2,2
"1032",0.3320551,2,2
"1033",0.01217324,2,1
"1034",0.09780602,2,2
"1035",0.2401121,2,1
"1036",0.8659165,2,1
"1037",0.2832524,2,1
"1038",0.9069805,2,1
"1039",0.3013646,2,1
"1040",0.7614925,2,1
"1041",0.3094712,2,2
"1042",0.3886331,2,2
"1043",0.6874852,2,1
"1044",0.3652732,2,2
"1045",0.5237861,2,2
"1046",0.7260456,2,1
"1047",0.1828661,2,1
"1048",0.0418535,2,1
"1049",0.09892919,2,2
"1050",0.1340661,2,2
"1051",0.4757025,2,2
"1052",0.3211469,2,2
"1053",0.05013397,2,2
"1054",0.9387662,2,2
"1055",0.9133495,2,2
"1056",0.009273724,2,1
"1057",0.3141304,2,1
"1058",0.2209439,2,2
"1059",0.796872,2,1
"1060",0.5381578,2,1
"1061",0.9853847,2,1
"1062",0.8608589,2,2
"1063",0.4345598,2,1
"1064",0.6959876,2,2
"1065",0.4098187,2,1
"1066",0.932128,2,1
"1067",0.8518457,2,1
"1068",0.7187764,2,2
"1069",0.273738,2,1
"1070",0.4915878,2,2
"1071",0.5776405,2,1
"1072",0.7595463,2,2
"1073",0.1116751,2,1
"1074",0.03639635,2,1
"1075",0.07627634,2,1
"1076",0.262922,2,1
"1077",0.07752291,2,2
"1078",0.3089153,2,2
"1079",0.7953249,2,1
"1080",0.5188365,2,1
"1081",0.6602915,2,1
"1082",0.5924041,2,1
"1083",0.8612759,2,1
"1084",0.9955181,2,1
"1085",0.6730653,2,1
"1086",0.8130884,2,1
"1087",0.9889117,2,2
"1088",0.1938039,2,2
"1089",0.6875405,2,1
"1090",0.8218682,2,1
"1091",0.3355572,2,1
"1092",0.4285072,2,2
"1093",0.4695487,2,2
"1094",0.199667,2,1
"1095",0.4504556,2,2
"1096",0.5906203,2,1
"1097",0.4379303,2,2
"1098",0.02365626,2,2
"1099",0.4181176,2,1
"1100",0.1935847,2,1
"1101",0.9018766,2,1
"1102",0.7754651,2,2
"1103",0.002539005,2,2
"1104",0.0966383,2,2
"1105",0.5337916,2,1
"1106",0.6480177,2,1
"1107",0.7072856,2,2
"1108",0.1204118,2,1
"1109",0.1775475,2,1
"1110",0.3533926,2,2
"1111",0.3791545,2,2
"1112",0.8451387,2,1
"1113",0.2792442,2,1
"1114",0.4188135,2,1
"1115",0.8329215,2,2
"1116",0.7347334,2,1
"1117",0.7056663,2,2
"1118",0.724345,2,1
"1119",0.1337757,2,2
"1120",0.5657774,2,2
"1121",0.4405558,2,2
"1122",0.0293253,2,2
"1123",0.4132291,2,2
"1124",0.9762842,2,1
"1125",0.4732283,2,1
"1126",0.88749,2,2
"1127",0.2349368,2,2
"1128",0.5210707,2,1
"1129",0.7663271,2,1
"1130",0.9291569,2,2
"1131",0.5657683,2,1
"1132",0.2621875,2,1
"1133",0.9235006,2,1
"1134",0.7458018,2,1
"1135",0.3894757,2,1
"1136",0.9213429,2,2
"1137",0.9978466,2,1
"1138",0.1278415,2,2
"1139",0.2380316,2,2
"1140",0.9351475,2,1
"1141",0.2574884,2,1
"1142",0.01757407,2,1
"1143",0.8899622,2,1
"1144",0.6424171,2,2
"1145",0.9482318,2,1
"1146",0.7245163,2,1
"1147",0.9151159,2,1
"1148",0.8664204,2,1
"1149",0.237664,2,1
"1150",0.1100989,2,2
"1151",0.3081435,2,1
"1152",0.5506099,2,1
"1153",0.3649607,2,1
"1154",0.1844141,2,1
"1155",0.4683592,2,1
"1156",0.2416672,2,1
"1157",0.2272911,2,1
"1158",0.7563998,2,2
"1159",0.2348555,2,2
"1160",0.3087832,2,2
"1161",0.08245457,2,2
"1162",0.3997395,2,1
"1163",0.6133758,2,2
"1164",0.4844306,2,2
"1165",0.09444992,2,2
"1166",0.0007441556,2,1
"1167",0.8594718,2,1
"1168",0.4762027,2,2
"1169",0.9323779,2,2
"1170",0.6105619,2,2
"1171",0.6997212,2,2
"1172",0.06025406,2,2
"1173",0.9506252,2,1
"1174",0.7545028,2,1
"1175",0.2236426,2,2
"1176",0.746985,2,2
"1177",0.9361259,2,1
"1178",0.3556588,2,1
"1179",0.4316789,2,2
"1180",0.02223688,2,1
"1181",0.2553493,2,2
"1182",0.3695524,2,1
"1183",0.6473671,2,2
"1184",0.2157721,2,1
"1185",0.6448063,2,1
"1186",0.7228839,2,1
"1187",0.1065798,2,1
"1188",0.8904028,2,2
"1189",0.6681273,2,2
"1190",0.5511532,2,2
"1191",0.4597171,2,1
"1192",0.3502974,2,2
"1193",0.1633636,2,2
"1194",0.5167097,2,1
"1195",0.600544,2,2
"1196",0.4090217,2,1
"1197",0.6801197,2,1
"1198",0.2129428,2,2
"1199",0.247152,2,1
"1200",0.7621075,2,2
"1201",0.6993706,2,2
"1202",0.1780368,2,1
"1203",0.8919458,2,2
"1204",0.2516541,2,2
"1205",0.9108993,2,2
"1206",0.4951775,2,2
"1207",0.05205574,2,2
"1208",0.3033848,2,2
"1209",0.4336194,2,2
"1210",0.7271698,2,1
"1211",0.3584218,2,2
"1212",0.6094561,2,1
"1213",0.1475935,2,1
"1214",0.3470039,2,1
"1215",0.8084579,2,1
"1216",0.6126895,2,2
"1217",0.7750626,2,1
"1218",0.620773,2,2
"1219",0.9263046,2,2
"1220",0.7741477,2,2
"1221",0.06664627,2,2
"1222",0.9189515,2,1
"1223",0.689642,2,1
"1224",0.6666619,2,2
"1225",0.7973636,2,1
"1226",0.6235169,2,1
"1227",0.2826667,2,1
"1228",0.1228844,2,2
"1229",0.561193,2,2
"1230",0.8103142,2,2
"1231",0.09364759,2,1
"1232",0.6543194,2,2
"1233",0.03333013,2,1
"1234",0.441576,2,1
"1235",0.8007917,2,1
"1236",0.4361214,2,2
"1237",0.7285117,2,1
"1238",0.6704257,2,2
"1239",0.2212543,2,1
"1240",0.9936646,2,2
"1241",0.06967143,2,2
"1242",0.631935,2,2
"1243",0.8235416,2,2
"1244",0.07733191,2,2
"1245",0.0565581,2,2
"1246",0.4746729,2,1
"1247",0.7518618,2,1
"1248",0.8689261,2,1
"1249",0.6185063,2,2
"1250",0.8701823,2,1
"1251",0.4758181,2,2
"1252",0.7071739,2,1
"1253",0.08017407,2,2
"1254",0.4178195,2,2
"1255",0.677236,2,2
"1256",0.1891047,2,2
"1257",0.2189847,2,2
"1258",0.9454147,2,2
"1259",0.4161819,2,1
"1260",0.6746838,2,2
"1261",0.7175143,2,1
"1262",0.6674819,2,1
"1263",0.6224081,2,2
"1264",0.6800367,2,2
"1265",0.005325586,2,2
"1266",0.1490571,2,1
"1267",0.8428781,2,2
"1268",0.1727481,2,1
"1269",0.9017866,2,2
"1270",0.6356282,2,2
"1271",0.1597731,2,1
"1272",0.1055932,2,1
"1273",0.636086,2,2
"1274",0.9214376,2,1
"1275",0.794824,2,1
"1276",0.03406185,2,1
"1277",0.7811303,2,2
"1278",0.9213408,2,1
"1279",0.6583765,2,2
"1280",0.3573763,2,2
"1281",0.6624181,2,2
"1282",0.8031488,2,2
"1283",0.4409476,2,1
"1284",0.7706617,2,2
"1285",0.7870494,2,2
"1286",0.461534,2,1
"1287",0.9516363,2,2
"1288",0.5813491,2,2
"1289",0.770991,2,1
"1290",0.9455608,2,2
"1291",0.1242105,2,1
"1292",0.7841247,2,1
"1293",0.3266917,2,1
"1294",0.7477455,2,2
"1295",0.8394607,2,1
"1296",0.7709206,2,2
"1297",0.1417464,2,1
"1298",0.6155105,2,2
"1299",0.5379077,2,2
"1300",0.7523181,2,2
"1301",0.2146729,2,1
"1302",0.1227812,2,1
"1303",0.4806117,2,1
"1304",0.7799202,2,1
"1305",0.4498887,2,1
"1306",0.3933585,2,2
"1307",0.6925068,2,2
"1308",0.2991024,2,1
"1309",0.7544086,2,2
"1310",0.08488292,2,2
"1311",0.7623141,2,1
"1312",0.6319028,2,1
"1313",0.2443685,2,1
"1314",0.1629993,2,1
"1315",0.96765,2,1
"1316",0.432874,2,2
"1317",0.4564031,2,1
"1318",0.3993131,2,1
"1319",0.1700617,2,1
"1320",0.5292624,2,2
"1321",0.2585509,2,1
"1322",0.3917633,2,2
"1323",0.8048777,2,2
"1324",0.5431246,2,2
"1325",0.3960909,2,1
"1326",0.4980006,2,1
"1327",0.0930802,2,1
"1328",0.1098361,2,1
"1329",0.07140871,2,1
"1330",0.5381846,2,1
"1331",0.7207337,2,1
"1332",0.4467059,2,2
"1333",0.01527546,2,1
"1334",0.4851223,2,1
"1335",0.5018381,2,1
"1336",0.5173454,2,2
"1337",0.5282476,2,1
"1338",0.005445626,2,1
"1339",0.1131698,2,1
"1340",0.411166,2,2
"1341",0.6177245,2,1
"1342",0.2685651,2,2
"1343",0.09685493,2,2
"1344",0.02546078,2,2
"1345",0.8560613,2,2
"1346",0.9340618,2,1
"1347",0.8709719,2,2
"1348",0.04726892,2,2
"1349",0.4714328,2,2
"1350",0.8198682,2,2
"1351",0.02765966,2,2
"1352",0.07367312,2,2
"1353",0.8536553,2,1
"1354",0.4272814,2,2
"1355",0.609377,2,1
"1356",0.4298553,2,1
"1357",0.9389058,2,2
"1358",0.6349621,2,1
"1359",0.1691054,2,1
"1360",0.3896819,2,1
"1361",0.1763769,2,1
"1362",0.01044528,2,1
"1363",0.5552551,2,1
"1364",0.5058607,2,1
"1365",0.854185,2,2
"1366",0.2604881,2,2
"1367",0.9695554,2,2
"1368",0.4309025,2,1
"1369",0.1855036,2,1
"1370",0.6468127,2,2
"1371",0.5513286,2,2
"1372",0.06005992,2,2
"1373",0.1777079,2,2
"1374",0.1618113,2,1
"1375",0.4690064,2,2
"1376",0.1893031,2,1
"1377",0.3239335,2,2
"1378",0.6936623,2,1
"1379",0.8106755,2,2
"1380",0.2165812,2,1
"1381",0.9720315,2,1
"1382",0.7711499,2,2
"1383",0.9821235,2,2
"1384",0.9454739,2,1
"1385",0.7134801,2,2
"1386",0.2591127,2,2
"1387",0.8301487,2,2
"1388",0.4784526,2,2
"1389",0.2286974,2,2
"1390",0.4303735,2,1
"1391",0.149107,2,2
"1392",0.9036883,2,2
"1393",0.4567069,2,1
"1394",0.3401218,2,1
"1395",0.06295871,2,1
"1396",0.2077621,2,2
"1397",0.7117807,2,1
"1398",0.8653867,2,2
"1399",0.156314,2,1
"1400",0.4403747,2,2
"1401",0.9922164,2,1
"1402",0.7206507,2,1
"1403",0.6687392,2,2
"1404",0.9513385,2,2
"1405",0.8631594,2,2
"1406",0.4906747,2,2
"1407",0.09664022,2,1
"1408",0.7310057,2,1
"1409",0.8243439,2,1
"1410",0.8526093,2,2
"1411",0.9494817,2,1
"1412",0.7762492,2,1
"1413",0.1491271,2,1
"1414",0.3321811,2,1
"1415",0.1949688,2,1
"1416",0.6604841,2,1
"1417",0.9096391,2,2
"1418",0.2977983,2,2
"1419",0.421683,2,2
"1420",0.312471,2,2
"1421",0.2898626,2,1
"1422",0.0307239,2,2
"1423",0.6460147,2,2
"1424",0.8603623,2,1
"1425",0.7445647,2,2
"1426",0.1366229,2,1
"1427",0.7270295,2,1
"1428",0.9099975,2,1
"1429",0.1955831,2,2
"1430",0.5606381,2,1
"1431",0.9083886,2,1
"1432",0.3876886,2,2
"1433",0.1214499,2,2
"1434",0.7197415,2,2
"1435",0.5665713,2,2
"1436",0.3435386,2,2
"1437",0.02142268,2,2
"1438",0.1243808,2,2
"1439",0.5081931,2,1
"1440",0.5133214,2,2
"1441",0.5866591,2,1
"1442",0.3599979,2,1
"1443",0.04320279,2,2
"1444",0.6998994,2,1
"1445",0.1635729,2,2
"1446",0.5529484,2,2
"1447",0.2603336,2,1
"1448",0.2536675,2,1
"1449",0.9006749,2,1
"1450",0.1425345,2,1
"1451",0.9645012,2,2
"1452",0.6662057,2,2
"1453",0.1944366,2,1
"1454",0.8016806,2,1
"1455",0.8737887,2,2
"1456",0.1413216,2,2
"1457",0.9714966,2,2
"1458",0.1687093,2,2
"1459",0.03092383,2,2
"1460",0.215899,2,2
"1461",0.7979466,2,2
"1462",0.4536097,2,1
"1463",0.5959406,2,2
"1464",0.5141872,2,1
"1465",0.2047208,2,1
"1466",0.1244105,2,1
"1467",0.7911893,2,2
"1468",0.1681607,2,1
"1469",0.9371983,2,1
"1470",0.5027449,2,2
"1471",0.2296509,2,1
"1472",0.6691227,2,2
"1473",0.9100264,2,1
"1474",0.7339473,2,2
"1475",0.3247049,2,2
"1476",0.2814195,2,1
"1477",0.5698925,2,1
"1478",0.2459436,2,1
"1479",0.6620893,2,1
"1480",0.1312959,2,1
"1481",0.6421033,2,1
"1482",0.4006909,2,2
"1483",0.8703928,2,1
"1484",0.8952293,2,1
"1485",0.9175111,2,2
"1486",0.2179896,2,2
"1487",0.3060934,2,2
"1488",0.27381,2,2
"1489",0.01442448,2,1
"1490",0.6779795,2,2
"1491",0.8133511,2,1
"1492",0.1748065,2,1
"1493",0.8935139,2,1
"1494",0.7838001,2,1
"1495",0.1287613,2,2
"1496",0.7022054,2,1
"1497",0.0593818,2,1
"1498",0.1937225,2,1
"1499",0.9220024,2,2
"1500",0.90647,2,1
"1501",0.08605667,2,1
"1502",0.7943281,2,2
"1503",0.6647,2,2
"1504",0.7879167,2,2
"1505",0.1374309,2,1
"1506",0.2273245,2,1
"1507",0.5664491,2,1
"1508",0.7440719,2,1
"1509",0.2802609,2,2
"1510",0.3123979,2,2
"1511",0.114433,2,1
"1512",0.2521041,2,2
"1513",0.0628217,2,1
"1514",0.9502014,2,2
"1515",0.2645833,2,1
"1516",0.8145414,2,1
"1517",0.5095586,2,1
"1518",0.2851112,2,2
"1519",0.9164139,2,2
"1520",0.3108226,2,2
"1521",0.4416005,2,2
"1522",0.1083184,2,1
"1523",0.5369995,2,1
"1524",0.5851164,2,1
"1525",0.4210347,2,2
"1526",0.09768494,2,1
"1527",0.2121264,2,1
"1528",0.6090435,2,1
"1529",0.8838274,2,2
"1530",0.7837862,2,2
"1531",0.792894,2,2
"1532",0.4726481,2,2
"1533",0.3940367,2,1
"1534",0.2645261,2,1
"1535",0.2928096,2,2
"1536",0.8783802,2,1
"1537",0.8348825,2,2
"1538",0.243938,2,1
"1539",0.7394754,2,1
"1540",0.3464938,2,2
"1541",0.9438723,2,1
"1542",0.7642564,2,1
"1543",0.9008785,2,2
"1544",0.6781405,2,1
"1545",0.3653858,2,1
"1546",0.7814104,2,2
"1547",0.2613542,2,2
"1548",0.1358385,2,1
"1549",0.5766151,2,1
"1550",0.9357533,2,2
"1551",0.9750719,2,1
"1552",0.5476937,2,2
"1553",0.2312618,2,1
"1554",0.8326014,2,2
"1555",0.4103687,2,1
"1556",0.2227438,2,2
"1557",0.9566259,2,1
"1558",0.2870591,2,2
"1559",0.8481411,2,1
"1560",0.6028836,2,2
"1561",0.6046731,2,2
"1562",0.4560082,2,2
"1563",0.1831253,2,2
"1564",0.4084884,2,1
"1565",0.2201024,2,1
"1566",0.384383,2,1
"1567",0.1154087,2,2
"1568",0.4542604,2,1
"1569",0.8150255,2,2
"1570",0.8152229,2,2
"1571",0.7975282,2,2
"1572",0.3175995,2,1
"1573",0.7779312,2,1
"1574",0.8470387,2,1
"1575",0.4255467,2,2
"1576",0.4974319,2,1
"1577",0.3310091,2,1
"1578",0.3192164,2,1
"1579",0.7966729,2,2
"1580",0.922926,2,1
"1581",0.008362452,2,2
"1582",0.4403466,2,2
"1583",0.1735313,2,1
"1584",0.7174618,2,2
"1585",0.05047661,2,1
"1586",0.03949382,2,2
"1587",0.1183089,2,1
"1588",0.7869474,2,1
"1589",0.7330672,2,2
"1590",0.1836544,2,2
"1591",0.6968333,2,1
"1592",0.7873312,2,2
"1593",0.6303863,2,2
"1594",0.845529,2,1
"1595",0.02110943,2,1
"1596",0.9468988,2,1
"1597",0.7491618,2,1
"1598",0.6028815,2,1
"1599",0.2939476,2,2
"1600",0.09687884,2,2
"1601",0.3769363,2,2
"1602",0.5122185,2,2
"1603",0.4373649,2,2
"1604",0.8321793,2,2
"1605",0.8600014,2,1
"1606",0.2432233,2,1
"1607",0.7919465,2,1
"1608",0.6105727,2,1
"1609",0.2846715,2,1
"1610",0.2574694,2,2
"1611",0.1669997,2,1
"1612",0.1545344,2,2
"1613",0.9787556,2,1
"1614",0.7914861,2,1
"1615",0.2848823,2,1
"1616",0.9595234,2,1
"1617",0.757667,2,2
"1618",0.6064276,2,2
"1619",0.2070699,2,2
"1620",0.5893801,2,1
"1621",0.9988965,2,1
"1622",0.7109448,2,2
"1623",0.6608326,2,1
"1624",0.359375,2,2
"1625",0.5151018,2,2
"1626",0.9126238,2,2
"1627",0.1346865,2,2
"1628",0.1145474,2,1
"1629",0.1665784,2,2
"1630",0.4136063,2,2
"1631",0.7304339,2,2
"1632",0.8011104,2,1
"1633",0.4293101,2,2
"1634",0.3326781,2,2
"1635",0.1160081,2,1
"1636",0.9914845,2,1
"1637",0.9506618,2,1
"1638",0.3846332,2,1
"1639",0.5518796,2,2
"1640",0.4049061,2,2
"1641",0.5449924,2,2
"1642",0.34902,2,1
"1643",0.1870726,2,2
"1644",0.6021931,2,1
"1645",0.6320895,2,2
"1646",0.08506524,2,1
"1647",0.1551504,2,1
"1648",0.02465357,2,1
"1649",0.001332858,2,2
"1650",0.4697449,2,1
"1651",0.5561674,2,2
"1652",0.9726044,2,1
"1653",0.881296,2,1
"1654",0.2903247,2,2
"1655",0.3831971,2,2
"1656",0.6448359,2,1
"1657",0.01295773,2,1
"1658",0.7009936,2,2
"1659",0.3276492,2,2
"1660",0.758945,2,2
"1661",0.5421615,2,1
"1662",0.5577395,2,1
"1663",0.7673246,2,2
"1664",0.7461798,2,2
"1665",0.4031945,2,2
"1666",0.4352586,2,2
"1667",0.4286191,2,1
"1668",0.6506088,2,1
"1669",0.1827883,2,2
"1670",0.9821936,2,1
"1671",0.3749498,2,1
"1672",0.1794031,2,2
"1673",0.9029588,2,1
"1674",0.936109,2,2
"1675",0.9432374,2,1
"1676",0.637756,2,1
"1677",0.2059364,2,2
"1678",0.6116412,2,2
"1679",0.1597932,2,1
"1680",0.7408177,2,1
"1681",0.2433909,2,2
"1682",0.0370428,2,1
"1683",0.1941949,2,1
"1684",0.413285,2,1
"1685",0.4889725,2,2
"1686",0.0002263731,2,2
"1687",0.7299442,2,1
"1688",0.1762989,2,2
"1689",0.2072901,2,2
"1690",0.4970372,2,2
"1691",0.6831704,2,1
"1692",0.05720939,2,1
"1693",0.3968,2,1
"1694",0.3816475,2,2
"1695",0.4303155,2,2
"1696",0.3007133,2,1
"1697",0.3743574,2,2
"1698",0.1626922,2,2
"1699",0.7404812,2,2
"1700",0.02726564,2,1
"1701",0.8493107,2,1
"1702",0.5960551,2,2
"1703",0.498497,2,2
"1704",0.03452353,2,2
"1705",0.427962,2,2
"1706",0.07600248,2,1
"1707",0.03779752,2,2
"1708",0.7882793,2,1
"1709",0.07130256,2,2
"1710",0.2911128,2,1
"1711",0.9162614,2,2
"1712",0.7907752,2,2
"1713",0.1840059,2,1
"1714",0.4944035,2,1
"1715",0.787977,2,2
"1716",0.4875855,2,1
"1717",0.2130762,2,1
"1718",0.4074388,2,2
"1719",0.2819605,2,1
"1720",0.2355296,2,1
"1721",0.08145931,2,2
"1722",0.7127102,2,1
"1723",0.004396952,2,2
"1724",0.5007546,2,2
"1725",0.6525789,2,1
"1726",0.8547241,2,1
"1727",0.2254094,2,2
"1728",0.3631214,2,1
"1729",0.1684842,2,1
"1730",0.795544,2,2
"1731",0.1289399,2,1
"1732",0.6100043,2,2
"1733",0.7560735,2,1
"1734",0.1260725,2,1
"1735",0.5249095,2,1
"1736",0.4254433,2,2
"1737",0.2260128,2,1
"1738",0.5465171,2,1
"1739",0.709298,2,1
"1740",0.3732038,2,2
"1741",0.7599632,2,1
"1742",0.4759046,2,2
"1743",0.2728762,2,1
"1744",0.03290054,2,1
"1745",0.5266767,2,1
"1746",0.8301699,2,2
"1747",0.4997758,2,1
"1748",0.9138106,2,2
"1749",0.04516276,2,2
"1750",0.7915523,2,1
"1751",0.9770081,2,2
"1752",0.2722835,2,1
"1753",0.01512331,2,1
"1754",0.7957719,2,1
"1755",0.9285774,2,1
"1756",0.1916084,2,2
"1757",0.8191755,2,2
"1758",0.1657171,2,2
"1759",0.6828789,2,2
"1760",0.193691,2,2
"1761",0.5953189,2,1
"1762",0.1349286,2,1
"1763",0.7293476,2,1
"1764",0.1857261,2,2
"1765",0.725637,2,2
"1766",0.905219,2,2
"1767",0.3318394,2,2
"1768",0.6526081,2,1
"1769",0.6574248,2,2
"1770",0.2891809,2,1
"1771",0.4387533,2,1
"1772",0.7595698,2,1
"1773",0.5549246,2,2
"1774",0.5465388,2,2
"1775",0.8358229,2,2
"1776",0.5803596,2,2
"1777",0.06621554,2,2
"1778",0.718188,2,1
"1779",0.5626815,2,2
"1780",0.3962182,2,2
"1781",0.7831346,2,2
"1782",0.7097546,2,1
"1783",0.4790173,2,1
"1784",0.1165617,2,1
"1785",0.4053754,2,2
"1786",0.9226168,2,1
"1787",0.8649687,2,1
"1788",0.4223149,2,1
"1789",0.2665937,2,1
"1790",0.02770062,2,1
"1791",0.1807852,2,1
"1792",0.1423335,2,1
"1793",0.5638181,2,2
"1794",0.8907394,2,2
"1795",0.8981193,2,2
"1796",0.8845634,2,1
"1797",0.9999202,2,2
"1798",0.06106015,2,1
"1799",0.8658084,2,1
"1800",0.8554551,2,1
"1801",0.5143176,2,1
"1802",0.9571337,2,2
"1803",0.3992567,2,2
"1804",0.3790554,2,2
"1805",0.2552981,2,1
"1806",0.936291,2,2
"1807",0.9334364,2,2
"1808",0.1242923,2,2
"1809",0.3726657,2,1
"1810",0.4734697,2,2
"1811",0.1800296,2,1
"1812",0.08748957,2,1
"1813",0.06132902,2,2
"1814",0.01339303,2,1
"1815",0.2822909,2,2
"1816",0.8879226,2,2
"1817",0.4329271,2,1
"1818",0.03714639,2,1
"1819",0.5303216,2,1
"1820",0.9728079,2,2
"1821",0.5577429,2,2
"1822",0.1022227,2,1
"1823",0.09039135,2,2
"1824",0.08802951,2,1
"1825",0.7328847,2,2
"1826",0.3700414,2,2
"1827",0.8699264,2,2
"1828",0.4114752,2,2
"1829",0.002232809,2,2
"1830",0.620845,2,1
"1831",0.588931,2,1
"1832",0.9830593,2,1
"1833",0.2031656,2,1
"1834",0.6753885,2,1
"1835",0.5726843,2,1
"1836",0.2763791,2,1
"1837",0.5685488,2,1
"1838",0.3249816,2,1
"1839",0.04098265,2,2
"1840",0.3785556,2,1
"1841",0.7132302,2,1
"1842",0.6983492,2,1
"1843",0.1172348,2,2
"1844",0.406927,2,1
"1845",0.9028675,2,2
"1846",0.4846128,2,1
"1847",0.6110334,2,1
"1848",0.6295819,2,1
"1849",0.1734636,2,1
"1850",0.8804223,2,1
"1851",0.6143667,2,2
"1852",0.5534905,2,1
"1853",0.9157823,2,1
"1854",0.5638388,2,1
"1855",0.1603652,2,1
"1856",0.1096525,2,1
"1857",0.928893,2,2
"1858",0.304053,2,2
"1859",0.5756771,2,2
"1860",0.847806,2,1
"1861",0.4372194,2,2
"1862",0.07227696,2,1
"1863",0.1851108,2,2
"1864",0.5631196,2,1
"1865",0.6888034,2,1
"1866",0.02589949,2,2
"1867",0.6258839,2,1
"1868",0.3810309,2,1
"1869",0.311982,2,1
"1870",0.06886954,2,2
"1871",0.5403107,2,2
"1872",0.3595698,2,2
"1873",0.1172976,2,2
"1874",0.8269395,2,1
"1875",0.7870716,2,2
"1876",0.05460119,2,2
"1877",0.02267557,2,2
"1878",0.04624722,2,2
"1879",0.6512632,2,1
"1880",0.002789936,2,2
"1881",0.0099869,2,1
"1882",0.680919,2,2
"1883",0.3310251,2,2
"1884",0.3358492,2,2
"1885",0.7673036,2,2
"1886",0.3411909,2,1
"1887",0.380077,2,2
"1888",0.2250895,2,2
"1889",0.3700024,2,2
"1890",0.3747682,2,2
"1891",0.09936922,2,2
"1892",0.8549721,2,2
"1893",0.9868316,2,2
"1894",0.9931296,2,1
"1895",0.7295211,2,1
"1896",0.2813595,2,1
"1897",0.8352825,2,1
"1898",0.4613079,2,1
"1899",0.6265243,2,2
"1900",0.9694003,2,1
"1901",0.8877382,2,2
"1902",0.8658752,2,2
"1903",0.5054915,2,1
"1904",0.2597412,2,1
"1905",0.362417,2,2
"1906",0.5615675,2,1
"1907",0.2718234,2,1
"1908",0.3141837,2,2
"1909",0.2715678,2,2
"1910",0.578224,2,1
"1911",0.2610513,2,1
"1912",0.4108544,2,2
"1913",0.7282251,2,2
"1914",0.2528759,2,1
"1915",0.2721623,2,2
"1916",0.8395915,2,1
"1917",0.9076751,2,2
"1918",0.2557103,2,2
"1919",0.3599272,2,1
"1920",0.3475562,2,1
"1921",0.06117026,2,2
"1922",0.7599869,2,2
"1923",0.06394988,2,1
"1924",0.8912564,2,1
"1925",0.2041621,2,1
"1926",0.2755451,2,2
"1927",0.9448584,2,2
"1928",0.646066,2,2
"1929",0.9221295,2,2
"1930",0.6945007,2,1
"1931",0.54909,2,1
"1932",0.9051892,2,1
"1933",0.7054192,2,2
"1934",0.7854659,2,1
"1935",0.122829,2,1
"1936",0.4189069,2,1
"1937",0.3118342,2,1
"1938",0.6892702,2,1
"1939",0.05323077,2,2
"1940",0.0826076,2,1
"1941",0.0670177,2,2
"1942",0.3196229,2,2
"1943",0.1797286,2,2
"1944",0.7569763,2,1
"1945",0.8334059,2,1
"1946",0.3655143,2,2
"1947",0.4673621,2,2
"1948",0.5092816,2,2
"1949",0.8392526,2,1
"1950",0.7931478,2,1
"1951",0.5418007,2,2
"1952",0.6618349,2,2
"1953",0.08312573,2,1
"1954",0.2702497,2,1
"1955",0.6480821,2,2
"1956",0.06935445,2,1
"1957",0.2818371,2,1
"1958",0.1609368,2,2
"1959",0.526181,2,2
"1960",0.02247028,2,2
"1961",0.8139015,2,1
"1962",0.7115672,2,2
"1963",0.4355182,2,1
"1964",0.320422,2,1
"1965",0.9713718,2,2
"1966",0.04165502,2,1
"1967",0.3030267,2,1
"1968",0.08946176,2,1
"1969",0.8524343,2,2
"1970",0.2460183,2,1
"1971",0.8749288,2,2
"1972",0.1979689,2,1
"1973",0.2053588,2,1
"1974",0.9489836,2,2
"1975",0.4074391,2,2
"1976",0.1789302,2,2
"1977",0.6007287,2,1
"1978",0.3065385,2,2
"1979",0.1783235,2,1
"1980",0.528775,2,1
"1981",0.9171385,2,2
"1982",0.7088261,2,2
"1983",0.9073389,2,1
"1984",0.2966125,2,2
"1985",0.3653561,2,2
"1986",0.906923,2,2
"1987",0.6965577,2,2
"1988",0.2449361,2,2
"1989",0.1169678,2,2
"1990",0.8774807,2,2
"1991",0.06796917,2,1
"1992",0.1651281,2,2
"1993",0.6788811,2,2
"1994",0.005586267,2,1
"1995",0.2386309,2,2
"1996",0.4664606,2,2
"1997",0.6056133,2,1
"1998",0.4664016,2,1
"1999",0.8401298,2,2
"2000",0.509314,2,1
